Sample_code,Mean_Conc,SD,CV,Sample_name,Row,Col,Population,Date
1-21,73.6005,5.73,7.7852731978723,CNJ125602,1,21,ColorPanel,01/11/24
1-21,73.6005,5.73,7.7852731978723,CNJ125602,1,21,ColorPanel,01/11/24
1-21,73.6005,5.73,7.7852731978723,CNJ125602,1,21,ColorPanel,01/11/24
1-21,73.6005,5.73,7.7852731978723,CNJ125602,1,21,ColorPanel,01/11/24
10-20,NA,NA,NA,CNJ1256124,10,20,ColorPanel,31/10/29
10-20,NA,NA,NA,CNJ1256124,10,20,ColorPanel,31/10/26
10-20,NA,NA,NA,CNJ1256124,10,20,ColorPanel,31/10/27
10-20,NA,NA,NA,CNJ1256124,10,20,ColorPanel,31/10/28
10-25,124.3235,2.95,2.37284181992946,CNJ1256130,10,25,ColorPanel,24/10/24
10-25,124.3235,2.95,2.37284181992946,CNJ1256130,10,25,ColorPanel,24/10/24
10-25,124.3235,2.95,2.37284181992946,CNJ1256130,10,25,ColorPanel,24/10/24
10-25,124.3235,2.95,2.37284181992946,CNJ1256130,10,25,ColorPanel,24/10/24
10-26,4.175,0.94,22.5149700598802,CNJ0823331,10,26,ColorPanel,24/10/24
10-26,4.175,0.94,22.5149700598802,CNJ0823331,10,26,ColorPanel,24/10/24
10-26,4.175,0.94,22.5149700598802,CNJ0823331,10,26,ColorPanel,24/10/24
10-26,4.175,0.94,22.5149700598802,CNJ0823331,10,26,ColorPanel,24/10/24
106-13,177.843,3.19,1.79371693010127,EarlyBlack,106,13,DiversityPanel,24/10/24
106-13,177.843,3.19,1.79371693010127,EarlyBlack,106,13,DiversityPanel,24/10/24
106-13,177.843,3.19,1.79371693010127,EarlyBlack,106,13,DiversityPanel,24/10/24
106-13,177.843,3.19,1.79371693010127,EarlyBlack,106,13,DiversityPanel,24/10/24
106-19,80.3635,7.85,9.76811612236899,J21,106,19,DiversityPanel,29/10/24
106-19,80.3635,7.85,9.76811612236899,J21,106,19,DiversityPanel,29/10/24
106-19,80.3635,7.85,9.76811612236899,J21,106,19,DiversityPanel,29/10/24
106-19,80.3635,7.85,9.76811612236899,J21,106,19,DiversityPanel,29/10/24
106-3,162.9395,1.36,0.834665627426131,BE4,106,3,DiversityPanel,24/10/24
106-3,162.9395,1.36,0.834665627426131,BE4,106,3,DiversityPanel,24/10/24
106-3,162.9395,1.36,0.834665627426131,BE4,106,3,DiversityPanel,24/10/24
106-3,162.9395,1.36,0.834665627426131,BE4,106,3,DiversityPanel,24/10/24
106-6,63.5605,8.53,13.4202846107252,BG,106,6,DiversityPanel,29/10/24
106-6,63.5605,8.53,13.4202846107252,BG,106,6,DiversityPanel,29/10/24
106-6,63.5605,8.53,13.4202846107252,BG,106,6,DiversityPanel,29/10/24
106-6,63.5605,8.53,13.4202846107252,BG,106,6,DiversityPanel,29/10/24
106-7,33.398,4.01,12.0067069884424,BG48,106,7,DiversityPanel,17/10/24
106-7,33.398,4.01,12.0067069884424,BG48,106,7,DiversityPanel,17/10/24
106-7,33.398,4.01,12.0067069884424,BG48,106,7,DiversityPanel,17/10/24
106-7,33.398,4.01,12.0067069884424,BG48,106,7,DiversityPanel,17/10/24
106-8,14.987,1.12,7.47314339093881,BGYellow,106,8,DiversityPanel,24/10/24
106-8,14.987,1.12,7.47314339093881,BGYellow,106,8,DiversityPanel,24/10/24
106-8,14.987,1.12,7.47314339093881,BGYellow,106,8,DiversityPanel,24/10/24
106-8,14.987,1.12,7.47314339093881,BGYellow,106,8,DiversityPanel,24/10/24
107-11,89.1305,1.95,2.18780327721711,Wilcox,107,11,DiversityPanel,15/10/24
107-11,89.1305,1.95,2.18780327721711,Wilcox,107,11,DiversityPanel,15/10/24
107-11,89.1305,1.95,2.18780327721711,Wilcox,107,11,DiversityPanel,15/10/24
107-11,89.1305,1.95,2.18780327721711,Wilcox,107,11,DiversityPanel,15/10/24
107-13,0.668,0.71,106.287425149701,YellowBell,107,13,DiversityPanel,15/10/24
107-13,0.668,0.71,106.287425149701,YellowBell,107,13,DiversityPanel,15/10/24
107-13,0.668,0.71,106.287425149701,YellowBell,107,13,DiversityPanel,15/10/24
107-13,0.668,0.71,106.287425149701,YellowBell,107,13,DiversityPanel,15/10/24
107-6,217.002,20.9,9.63124763827061,RubyStar,107,6,DiversityPanel,28/10/24
107-6,217.002,20.9,9.63124763827061,RubyStar,107,6,DiversityPanel,28/10/24
107-6,217.002,20.9,9.63124763827061,RubyStar,107,6,DiversityPanel,28/10/24
107-6,217.002,20.9,9.63124763827061,RubyStar,107,6,DiversityPanel,28/10/24
107-7,64.332,4.66,7.2436734440092,ST,107,7,DiversityPanel,19/10/24
107-7,64.332,4.66,7.2436734440092,ST,107,7,DiversityPanel,19/10/24
107-7,64.332,4.66,7.2436734440092,ST,107,7,DiversityPanel,19/10/24
107-7,64.332,4.66,7.2436734440092,ST,107,7,DiversityPanel,19/10/24
107-8,146.616,4.72,3.21929393790582,Sundance,107,8,DiversityPanel,24/10/24
107-8,146.616,4.72,3.21929393790582,Sundance,107,8,DiversityPanel,24/10/24
107-8,146.616,4.72,3.21929393790582,Sundance,107,8,DiversityPanel,24/10/24
107-8,146.616,4.72,3.21929393790582,Sundance,107,8,DiversityPanel,24/10/24
108-1,14.1525,0.06,0.423953365129836,YBS09,108,1,DiversityPanel,14/10/24
108-1,14.1525,0.06,0.423953365129836,YBS09,108,1,DiversityPanel,14/10/24
108-1,14.1525,0.06,0.423953365129836,YBS09,108,1,DiversityPanel,14/10/24
108-1,14.1525,0.06,0.423953365129836,YBS09,108,1,DiversityPanel,14/10/24
108-10,1.753,0.47,26.811180832858,YBS18,108,10,DiversityPanel,17/10/24
108-10,1.753,0.47,26.811180832858,YBS18,108,10,DiversityPanel,17/10/24
108-10,1.753,0.47,26.811180832858,YBS18,108,10,DiversityPanel,17/10/24
108-10,1.753,0.47,26.811180832858,YBS18,108,10,DiversityPanel,17/10/24
108-13,3.8405,0.35,9.11339669313891,YBS21,108,13,DiversityPanel,24/10/24
108-13,3.8405,0.35,9.11339669313891,YBS21,108,13,DiversityPanel,24/10/24
108-13,3.8405,0.35,9.11339669313891,YBS21,108,13,DiversityPanel,24/10/24
108-13,3.8405,0.35,9.11339669313891,YBS21,108,13,DiversityPanel,24/10/24
108-19,108.9185,21.2,19.4640947130194,MG07,108,19,DiversityPanel,28/10/24
108-19,108.9185,21.2,19.4640947130194,MG07,108,19,DiversityPanel,28/10/24
108-19,108.9185,21.2,19.4640947130194,MG07,108,19,DiversityPanel,28/10/24
108-19,108.9185,21.2,19.4640947130194,MG07,108,19,DiversityPanel,28/10/24
108-6,13.902,0.89,6.40195655301395,YBS13,108,6,DiversityPanel,29/10/24
108-6,13.902,0.89,6.40195655301395,YBS13,108,6,DiversityPanel,29/10/24
108-6,13.902,0.89,6.40195655301395,YBS13,108,6,DiversityPanel,29/10/24
108-6,13.902,0.89,6.40195655301395,YBS13,108,6,DiversityPanel,29/10/24
108-7,12.816,3.25,25.3589263420724,YBS14,108,7,DiversityPanel,19/10/24
108-7,12.816,3.25,25.3589263420724,YBS14,108,7,DiversityPanel,19/10/24
108-7,12.816,3.25,25.3589263420724,YBS14,108,7,DiversityPanel,19/10/24
108-7,12.816,3.25,25.3589263420724,YBS14,108,7,DiversityPanel,19/10/24
108-8,8.767,1.18,13.4595642751226,YBS16,108,8,DiversityPanel,24/10/24
108-8,8.767,1.18,13.4595642751226,YBS16,108,8,DiversityPanel,24/10/24
108-8,8.767,1.18,13.4595642751226,YBS16,108,8,DiversityPanel,24/10/24
108-8,8.767,1.18,13.4595642751226,YBS16,108,8,DiversityPanel,24/10/24
108-9,3.7155,1.83,49.2531287848204,YBS17,108,9,DiversityPanel,19/10/24
108-9,3.7155,1.83,49.2531287848204,YBS17,108,9,DiversityPanel,19/10/24
108-9,3.7155,1.83,49.2531287848204,YBS17,108,9,DiversityPanel,19/10/24
108-9,3.7155,1.83,49.2531287848204,YBS17,108,9,DiversityPanel,19/10/24
109-1,89.4225,12.87,14.392350918393,MG09,109,1,DiversityPanel,15/10/24
109-1,89.4225,12.87,14.392350918393,MG09,109,1,DiversityPanel,15/10/24
109-1,89.4225,12.87,14.392350918393,MG09,109,1,DiversityPanel,15/10/24
109-1,89.4225,12.87,14.392350918393,MG09,109,1,DiversityPanel,15/10/24
109-10,51.85,1.18,2.27579556412729,QS04,109,10,DiversityPanel,15/10/24
109-10,51.85,1.18,2.27579556412729,QS04,109,10,DiversityPanel,15/10/24
109-10,51.85,1.18,2.27579556412729,QS04,109,10,DiversityPanel,15/10/24
109-10,51.85,1.18,2.27579556412729,QS04,109,10,DiversityPanel,15/10/24
109-19,77.5665,1.06,1.36656933083225,Stevens05,109,19,DiversityPanel,24/10/24
109-19,77.5665,1.06,1.36656933083225,Stevens05,109,19,DiversityPanel,24/10/24
109-19,77.5665,1.06,1.36656933083225,Stevens05,109,19,DiversityPanel,24/10/24
109-19,77.5665,1.06,1.36656933083225,Stevens05,109,19,DiversityPanel,24/10/24
109-6,-20.122,29.17,-144.965709174038,QS01,109,6,DiversityPanel,29/10/24
109-6,-20.122,29.17,-144.965709174038,QS01,109,6,DiversityPanel,29/10/24
109-6,-20.122,29.17,-144.965709174038,QS01,109,6,DiversityPanel,29/10/24
109-6,-20.122,29.17,-144.965709174038,QS01,109,6,DiversityPanel,29/10/24
109-7,56.0665,5.25,9.36388039203446,QS02,109,7,DiversityPanel,17/10/24
109-7,56.0665,5.25,9.36388039203446,QS02,109,7,DiversityPanel,17/10/24
109-7,56.0665,5.25,9.36388039203446,QS02,109,7,DiversityPanel,17/10/24
109-7,56.0665,5.25,9.36388039203446,QS02,109,7,DiversityPanel,17/10/24
109-9,83.3275,16.41,19.6933785364976,Stevens04,109,9,DiversityPanel,24/10/24
109-9,83.3275,16.41,19.6933785364976,Stevens04,109,9,DiversityPanel,24/10/24
109-9,83.3275,16.41,19.6933785364976,Stevens04,109,9,DiversityPanel,24/10/24
109-9,83.3275,16.41,19.6933785364976,Stevens04,109,9,DiversityPanel,24/10/24
11-20,160.6015,11.28,7.02359567002799,CNJ1256135,11,20,ColorPanel,01/11/24
11-20,160.6015,11.28,7.02359567002799,CNJ1256135,11,20,ColorPanel,01/11/24
11-20,160.6015,11.28,7.02359567002799,CNJ1256135,11,20,ColorPanel,01/11/24
11-20,160.6015,11.28,7.02359567002799,CNJ1256135,11,20,ColorPanel,01/11/24
11-25,51.5995,5.31,10.2907973914476,Stevens18,11,25,ColorPanel,24/10/24
11-25,51.5995,5.31,10.2907973914476,Stevens18,11,25,ColorPanel,24/10/24
11-25,51.5995,5.31,10.2907973914476,Stevens18,11,25,ColorPanel,24/10/24
11-25,51.5995,5.31,10.2907973914476,Stevens18,11,25,ColorPanel,24/10/24
11-27,-1.753,NA,NA,CNJ1256144,11,27,ColorPanel,29/10/24
11-27,-1.753,NA,NA,CNJ1256144,11,27,ColorPanel,29/10/24
11-28,0.7515,0.35,46.5735196274118,CNJ1256145,11,28,ColorPanel,30/10/24
11-28,0.7515,0.35,46.5735196274118,CNJ1256145,11,28,ColorPanel,30/10/24
11-28,0.7515,0.35,46.5735196274118,CNJ1256145,11,28,ColorPanel,30/10/24
11-28,0.7515,0.35,46.5735196274118,CNJ1256145,11,28,ColorPanel,30/10/24
110-10,82.9935,7.56,9.10914710188147,WC12104,110,10,DiversityPanel,15/10/24
110-10,82.9935,7.56,9.10914710188147,WC12104,110,10,DiversityPanel,15/10/24
110-10,82.9935,7.56,9.10914710188147,WC12104,110,10,DiversityPanel,15/10/24
110-10,82.9935,7.56,9.10914710188147,WC12104,110,10,DiversityPanel,15/10/24
110-19,154.089,33,21.4161945369235,WC12153,110,19,DiversityPanel,28/10/24
110-19,154.089,33,21.4161945369235,WC12153,110,19,DiversityPanel,28/10/24
110-19,154.089,33,21.4161945369235,WC12153,110,19,DiversityPanel,28/10/24
110-19,154.089,33,21.4161945369235,WC12153,110,19,DiversityPanel,28/10/24
110-6,105.37,2.36,2.23972667742242,WC12032,110,6,DiversityPanel,29/10/24
110-6,105.37,2.36,2.23972667742242,WC12032,110,6,DiversityPanel,29/10/24
110-6,105.37,2.36,2.23972667742242,WC12032,110,6,DiversityPanel,29/10/24
110-6,105.37,2.36,2.23972667742242,WC12032,110,6,DiversityPanel,29/10/24
110-8,135.7205,5.73,4.22191194403204,WC12091,110,8,DiversityPanel,28/10/24
110-8,135.7205,5.73,4.22191194403204,WC12091,110,8,DiversityPanel,28/10/24
110-8,135.7205,5.73,4.22191194403204,WC12091,110,8,DiversityPanel,28/10/24
110-8,135.7205,5.73,4.22191194403204,WC12091,110,8,DiversityPanel,28/10/24
111-13,79.0275,2.54,3.21407105121635,WC16017,111,13,DiversityPanel,24/10/24
111-13,79.0275,2.54,3.21407105121635,WC16017,111,13,DiversityPanel,24/10/24
111-13,79.0275,2.54,3.21407105121635,WC16017,111,13,DiversityPanel,24/10/24
111-13,79.0275,2.54,3.21407105121635,WC16017,111,13,DiversityPanel,24/10/24
111-19,NA,NA,NA,WC16036,111,19,DiversityPanel,28/10/24
111-19,NA,NA,NA,WC16036,111,19,DiversityPanel,28/10/24
111-3,167.1975,18.95,11.3339015236472,WC12232,111,3,DiversityPanel,24/10/24
111-3,167.1975,18.95,11.3339015236472,WC12232,111,3,DiversityPanel,24/10/24
111-3,167.1975,18.95,11.3339015236472,WC12232,111,3,DiversityPanel,24/10/24
111-3,167.1975,18.95,11.3339015236472,WC12232,111,3,DiversityPanel,24/10/24
111-6,160.393,NA,NA,WC12325,111,6,DiversityPanel,29/10/24
111-6,160.393,NA,NA,WC12325,111,6,DiversityPanel,29/10/24
111-8,88.7545,0.59,0.664755026505698,WC12332,111,8,DiversityPanel,24/10/24
111-8,88.7545,0.59,0.664755026505698,WC12332,111,8,DiversityPanel,24/10/24
111-8,88.7545,0.59,0.664755026505698,WC12332,111,8,DiversityPanel,24/10/24
111-8,88.7545,0.59,0.664755026505698,WC12332,111,8,DiversityPanel,24/10/24
112-10,91.2595,3.66,4.0105413682959,Stevens03,112,10,DiversityPanel,15/10/24
112-10,91.2595,3.66,4.0105413682959,Stevens03,112,10,DiversityPanel,15/10/24
112-10,91.2595,3.66,4.0105413682959,Stevens03,112,10,DiversityPanel,15/10/24
112-10,91.2595,3.66,4.0105413682959,Stevens03,112,10,DiversityPanel,15/10/24
112-13,89.5475,1.48,1.65275412490578,WC16060,112,13,DiversityPanel,24/10/24
112-13,89.5475,1.48,1.65275412490578,WC16060,112,13,DiversityPanel,24/10/24
112-13,89.5475,1.48,1.65275412490578,WC16060,112,13,DiversityPanel,24/10/24
112-13,89.5475,1.48,1.65275412490578,WC16060,112,13,DiversityPanel,24/10/24
112-16,106.8725,9.92,9.28208846990573,WC16063,112,16,DiversityPanel,15/10/24
112-16,106.8725,9.92,9.28208846990573,WC16063,112,16,DiversityPanel,15/10/24
112-16,106.8725,9.92,9.28208846990573,WC16063,112,16,DiversityPanel,15/10/24
112-16,106.8725,9.92,9.28208846990573,WC16063,112,16,DiversityPanel,15/10/24
112-19,96.8115,8.8,9.08982920417512,WC16068,112,19,DiversityPanel,28/10/24
112-19,96.8115,8.8,9.08982920417512,WC16068,112,19,DiversityPanel,28/10/24
112-19,96.8115,8.8,9.08982920417512,WC16068,112,19,DiversityPanel,28/10/24
112-19,96.8115,8.8,9.08982920417512,WC16068,112,19,DiversityPanel,28/10/24
112-7,17.3665,2.01,11.5740074280943,WC16051,112,7,DiversityPanel,15/10/24
112-7,17.3665,2.01,11.5740074280943,WC16051,112,7,DiversityPanel,15/10/24
112-7,17.3665,2.01,11.5740074280943,WC16051,112,7,DiversityPanel,15/10/24
112-7,17.3665,2.01,11.5740074280943,WC16051,112,7,DiversityPanel,15/10/24
112-8,155.383,10.98,7.06641009634259,WC16054,112,8,DiversityPanel,28/10/24
112-8,155.383,10.98,7.06641009634259,WC16054,112,8,DiversityPanel,28/10/24
112-8,155.383,10.98,7.06641009634259,WC16054,112,8,DiversityPanel,28/10/24
112-8,155.383,10.98,7.06641009634259,WC16054,112,8,DiversityPanel,28/10/24
113-10,256.0355,16,6.24913342095139,A41SX3,113,10,DiversityPanel,15/10/24
113-10,256.0355,16,6.24913342095139,A41SX3,113,10,DiversityPanel,15/10/24
113-10,256.0355,16,6.24913342095139,A41SX3,113,10,DiversityPanel,15/10/24
113-10,256.0355,16,6.24913342095139,A41SX3,113,10,DiversityPanel,15/10/24
113-13,174.169,1.65,0.947355729205542,BL03,113,13,DiversityPanel,24/10/24
113-13,174.169,1.65,0.947355729205542,BL03,113,13,DiversityPanel,24/10/24
113-13,174.169,1.65,0.947355729205542,BL03,113,13,DiversityPanel,24/10/24
113-13,174.169,1.65,0.947355729205542,BL03,113,13,DiversityPanel,24/10/24
113-14,259,56.09,21.6563706563707,Stevens13,113,14,DiversityPanel,28/10/24
113-14,259,56.09,21.6563706563707,Stevens13,113,14,DiversityPanel,28/10/24
113-14,259,56.09,21.6563706563707,Stevens13,113,14,DiversityPanel,28/10/24
113-14,259,56.09,21.6563706563707,Stevens13,113,14,DiversityPanel,28/10/24
113-6,51.349,98.36,191.551928956747,WC17001,113,6,DiversityPanel,29/10/24
113-6,51.349,98.36,191.551928956747,WC17001,113,6,DiversityPanel,29/10/24
113-6,51.349,98.36,191.551928956747,WC17001,113,6,DiversityPanel,29/10/24
113-6,51.349,98.36,191.551928956747,WC17001,113,6,DiversityPanel,29/10/24
113-8,53.9375,2.6,4.82039397450753,WC17003,113,8,DiversityPanel,24/10/24
113-8,53.9375,2.6,4.82039397450753,WC17003,113,8,DiversityPanel,24/10/24
113-8,53.9375,2.6,4.82039397450753,WC17003,113,8,DiversityPanel,24/10/24
113-8,53.9375,2.6,4.82039397450753,WC17003,113,8,DiversityPanel,24/10/24
114-10,131.253,38.02,28.966956945746,Chip17,114,10,DiversityPanel,17/10/24
114-10,131.253,38.02,28.966956945746,Chip17,114,10,DiversityPanel,17/10/24
114-10,131.253,38.02,28.966956945746,Chip17,114,10,DiversityPanel,17/10/24
114-10,131.253,38.02,28.966956945746,Chip17,114,10,DiversityPanel,17/10/24
114-13,97.5215,55.61,57.023323062094,GYPL18,114,13,DiversityPanel,24/10/24
114-13,97.5215,55.61,57.023323062094,GYPL18,114,13,DiversityPanel,24/10/24
114-13,97.5215,55.61,57.023323062094,GYPL18,114,13,DiversityPanel,24/10/24
114-13,97.5215,55.61,57.023323062094,GYPL18,114,13,DiversityPanel,24/10/24
114-19,165.152,47.47,28.7432183685332,HW05,114,19,DiversityPanel,29/10/24
114-19,165.152,47.47,28.7432183685332,HW05,114,19,DiversityPanel,29/10/24
114-19,165.152,47.47,28.7432183685332,HW05,114,19,DiversityPanel,29/10/24
114-19,165.152,47.47,28.7432183685332,HW05,114,19,DiversityPanel,29/10/24
114-6,235.204,26.92,11.4453835819119,Chip05,114,6,DiversityPanel,28/10/24
114-6,235.204,26.92,11.4453835819119,Chip05,114,6,DiversityPanel,28/10/24
114-6,235.204,26.92,11.4453835819119,Chip05,114,6,DiversityPanel,28/10/24
114-6,235.204,26.92,11.4453835819119,Chip05,114,6,DiversityPanel,28/10/24
114-7,193.206,54.2,28.0529590178359,Chip07,114,7,DiversityPanel,17/10/24
114-7,193.206,54.2,28.0529590178359,Chip07,114,7,DiversityPanel,17/10/24
114-7,193.206,54.2,28.0529590178359,Chip07,114,7,DiversityPanel,17/10/24
114-7,193.206,54.2,28.0529590178359,Chip07,114,7,DiversityPanel,17/10/24
114-8,220.342,3.54,1.6065933866444,Chip08,114,8,DiversityPanel,24/10/24
114-8,220.342,3.54,1.6065933866444,Chip08,114,8,DiversityPanel,24/10/24
114-8,220.342,3.54,1.6065933866444,Chip08,114,8,DiversityPanel,24/10/24
114-8,220.342,3.54,1.6065933866444,Chip08,114,8,DiversityPanel,24/10/24
114-9,152.3775,2.24,1.47003330544208,Chip10,114,9,DiversityPanel,19/10/24
114-9,152.3775,2.24,1.47003330544208,Chip10,114,9,DiversityPanel,19/10/24
114-9,152.3775,2.24,1.47003330544208,Chip10,114,9,DiversityPanel,19/10/24
114-9,152.3775,2.24,1.47003330544208,Chip10,114,9,DiversityPanel,19/10/24
115-10,121.4005,30.94,25.4858917385019,Stevens02,115,10,DiversityPanel,15/10/24
115-10,121.4005,30.94,25.4858917385019,Stevens02,115,10,DiversityPanel,15/10/24
115-10,121.4005,30.94,25.4858917385019,Stevens02,115,10,DiversityPanel,15/10/24
115-10,121.4005,30.94,25.4858917385019,Stevens02,115,10,DiversityPanel,15/10/24
115-13,113.427,1.83,1.61337247745246,LOLM07,115,13,DiversityPanel,24/10/24
115-13,113.427,1.83,1.61337247745246,LOLM07,115,13,DiversityPanel,24/10/24
115-13,113.427,1.83,1.61337247745246,LOLM07,115,13,DiversityPanel,24/10/24
115-13,113.427,1.83,1.61337247745246,LOLM07,115,13,DiversityPanel,24/10/24
115-19,270.188,8.5,3.14595762950242,LRL04,115,19,DiversityPanel,28/10/24
115-19,270.188,8.5,3.14595762950242,LRL04,115,19,DiversityPanel,28/10/24
115-19,270.188,8.5,3.14595762950242,LRL04,115,19,DiversityPanel,28/10/24
115-19,270.188,8.5,3.14595762950242,LRL04,115,19,DiversityPanel,28/10/24
115-6,185.191,NA,NA,LL12,115,6,DiversityPanel,29/10/24
115-6,185.191,NA,NA,LL12,115,6,DiversityPanel,29/10/24
115-8,143.861,5.9,4.10118100110523,LL14,115,8,DiversityPanel,28/10/24
115-8,143.861,5.9,4.10118100110523,LL14,115,8,DiversityPanel,28/10/24
115-8,143.861,5.9,4.10118100110523,LL14,115,8,DiversityPanel,28/10/24
115-8,143.861,5.9,4.10118100110523,LL14,115,8,DiversityPanel,28/10/24
115-9,122.152,23.14,18.943611238457,LL15,115,9,DiversityPanel,24/10/24
115-9,122.152,23.14,18.943611238457,LL15,115,9,DiversityPanel,24/10/24
115-9,122.152,23.14,18.943611238457,LL15,115,9,DiversityPanel,24/10/24
115-9,122.152,23.14,18.943611238457,LL15,115,9,DiversityPanel,24/10/24
116-1,297.783,13.28,4.45962328272601,LRL05,116,1,DiversityPanel,28/10/24
116-1,297.783,13.28,4.45962328272601,LRL05,116,1,DiversityPanel,28/10/24
116-1,297.783,13.28,4.45962328272601,LRL05,116,1,DiversityPanel,28/10/24
116-1,297.783,13.28,4.45962328272601,LRL05,116,1,DiversityPanel,28/10/24
116-10,186.8605,13.7,7.33167255787071,SHPL13,116,10,DiversityPanel,15/10/24
116-10,186.8605,13.7,7.33167255787071,SHPL13,116,10,DiversityPanel,15/10/24
116-10,186.8605,13.7,7.33167255787071,SHPL13,116,10,DiversityPanel,15/10/24
116-10,186.8605,13.7,7.33167255787071,SHPL13,116,10,DiversityPanel,15/10/24
116-13,170.621,18.01,10.5555588116351,WABL06,116,13,DiversityPanel,24/10/24
116-13,170.621,18.01,10.5555588116351,WABL06,116,13,DiversityPanel,24/10/24
116-13,170.621,18.01,10.5555588116351,WABL06,116,13,DiversityPanel,24/10/24
116-13,170.621,18.01,10.5555588116351,WABL06,116,13,DiversityPanel,24/10/24
116-19,78.1925,27.33,34.9522012980785,WC170081,116,19,DiversityPanel,28/10/24
116-19,78.1925,27.33,34.9522012980785,WC170081,116,19,DiversityPanel,28/10/24
116-19,78.1925,27.33,34.9522012980785,WC170081,116,19,DiversityPanel,28/10/24
116-19,78.1925,27.33,34.9522012980785,WC170081,116,19,DiversityPanel,28/10/24
116-6,111.7155,0.59,0.528127251813759,PMW02,116,6,DiversityPanel,28/10/24
116-6,111.7155,0.59,0.528127251813759,PMW02,116,6,DiversityPanel,28/10/24
116-6,111.7155,0.59,0.528127251813759,PMW02,116,6,DiversityPanel,28/10/24
116-6,111.7155,0.59,0.528127251813759,PMW02,116,6,DiversityPanel,28/10/24
116-7,68.5075,5.73,8.36404773200015,PMW16,116,7,DiversityPanel,17/10/24
116-7,68.5075,5.73,8.36404773200015,PMW16,116,7,DiversityPanel,17/10/24
116-7,68.5075,5.73,8.36404773200015,PMW16,116,7,DiversityPanel,17/10/24
116-7,68.5075,5.73,8.36404773200015,PMW16,116,7,DiversityPanel,17/10/24
116-8,61.1595,3.37,5.51018239194238,PMW20,116,8,DiversityPanel,24/10/24
116-8,61.1595,3.37,5.51018239194238,PMW20,116,8,DiversityPanel,24/10/24
116-8,61.1595,3.37,5.51018239194238,PMW20,116,8,DiversityPanel,24/10/24
116-8,61.1595,3.37,5.51018239194238,PMW20,116,8,DiversityPanel,24/10/24
117-10,57.6115,2.24,3.88811261640471,WC170263,117,10,DiversityPanel,15/10/24
117-10,57.6115,2.24,3.88811261640471,WC170263,117,10,DiversityPanel,15/10/24
117-10,57.6115,2.24,3.88811261640471,WC170263,117,10,DiversityPanel,15/10/24
117-10,57.6115,2.24,3.88811261640471,WC170263,117,10,DiversityPanel,15/10/24
117-13,157.93,3.72,2.35547394415247,WC170272,117,13,DiversityPanel,24/10/24
117-13,157.93,3.72,2.35547394415247,WC170272,117,13,DiversityPanel,24/10/24
117-13,157.93,3.72,2.35547394415247,WC170272,117,13,DiversityPanel,24/10/24
117-13,157.93,3.72,2.35547394415247,WC170272,117,13,DiversityPanel,24/10/24
117-7,111.924,5.14,4.59240198706265,WC170241,117,7,DiversityPanel,19/10/24
117-7,111.924,5.14,4.59240198706265,WC170241,117,7,DiversityPanel,19/10/24
117-7,111.924,5.14,4.59240198706265,WC170241,117,7,DiversityPanel,19/10/24
117-7,111.924,5.14,4.59240198706265,WC170241,117,7,DiversityPanel,19/10/24
117-8,54.9395,5.55,10.1020213143549,WC170251,117,8,DiversityPanel,24/10/24
117-8,54.9395,5.55,10.1020213143549,WC170251,117,8,DiversityPanel,24/10/24
117-8,54.9395,5.55,10.1020213143549,WC170251,117,8,DiversityPanel,24/10/24
117-8,54.9395,5.55,10.1020213143549,WC170251,117,8,DiversityPanel,24/10/24
118-10,125.659,53.73,42.758576783199,WC170438,118,10,DiversityPanel,15/10/24
118-10,125.659,53.73,42.758576783199,WC170438,118,10,DiversityPanel,15/10/24
118-10,125.659,53.73,42.758576783199,WC170438,118,10,DiversityPanel,15/10/24
118-10,125.659,53.73,42.758576783199,WC170438,118,10,DiversityPanel,15/10/24
118-11,169.786,20.84,12.2742746751793,WC170461,118,11,DiversityPanel,19/10/24
118-11,169.786,20.84,12.2742746751793,WC170461,118,11,DiversityPanel,19/10/24
118-11,169.786,20.84,12.2742746751793,WC170461,118,11,DiversityPanel,19/10/24
118-11,169.786,20.84,12.2742746751793,WC170461,118,11,DiversityPanel,19/10/24
118-13,143.2765,2.24,1.56341060815975,WC170471,118,13,DiversityPanel,24/10/24
118-13,143.2765,2.24,1.56341060815975,WC170471,118,13,DiversityPanel,24/10/24
118-13,143.2765,2.24,1.56341060815975,WC170471,118,13,DiversityPanel,24/10/24
118-13,143.2765,2.24,1.56341060815975,WC170471,118,13,DiversityPanel,24/10/24
118-18,126.9115,25.03,19.722404983,WC170523,118,18,DiversityPanel,24/10/24
118-18,126.9115,25.03,19.722404983,WC170523,118,18,DiversityPanel,24/10/24
118-18,126.9115,25.03,19.722404983,WC170523,118,18,DiversityPanel,24/10/24
118-18,126.9115,25.03,19.722404983,WC170523,118,18,DiversityPanel,24/10/24
118-6,130.0845,3.42,2.62906034154723,Stevens01,118,6,DiversityPanel,29/10/24
118-6,130.0845,3.42,2.62906034154723,Stevens01,118,6,DiversityPanel,29/10/24
118-6,130.0845,3.42,2.62906034154723,Stevens01,118,6,DiversityPanel,29/10/24
118-6,130.0845,3.42,2.62906034154723,Stevens01,118,6,DiversityPanel,29/10/24
118-8,41.6635,2.48,5.95245238638137,WC170421,118,8,DiversityPanel,24/10/24
118-8,41.6635,2.48,5.95245238638137,WC170421,118,8,DiversityPanel,24/10/24
118-8,41.6635,2.48,5.95245238638137,WC170421,118,8,DiversityPanel,24/10/24
118-8,41.6635,2.48,5.95245238638137,WC170421,118,8,DiversityPanel,24/10/24
118-9,85.6655,7.79,9.0935090555708,WC170431,118,9,DiversityPanel,24/10/24
118-9,85.6655,7.79,9.0935090555708,WC170431,118,9,DiversityPanel,24/10/24
118-9,85.6655,7.79,9.0935090555708,WC170431,118,9,DiversityPanel,24/10/24
118-9,85.6655,7.79,9.0935090555708,WC170431,118,9,DiversityPanel,24/10/24
119-10,46.214,0.65,1.40650019474618,WC170707,119,10,DiversityPanel,15/10/24
119-10,46.214,0.65,1.40650019474618,WC170707,119,10,DiversityPanel,15/10/24
119-10,46.214,0.65,1.40650019474618,WC170707,119,10,DiversityPanel,15/10/24
119-10,46.214,0.65,1.40650019474618,WC170707,119,10,DiversityPanel,15/10/24
119-13,72.056,2.13,2.95603419562562,WC170743,119,13,DiversityPanel,24/10/24
119-13,72.056,2.13,2.95603419562562,WC170743,119,13,DiversityPanel,24/10/24
119-13,72.056,2.13,2.95603419562562,WC170743,119,13,DiversityPanel,24/10/24
119-13,72.056,2.13,2.95603419562562,WC170743,119,13,DiversityPanel,24/10/24
119-19,158.472,NA,NA,WC170992,119,19,DiversityPanel,28/10/24
119-19,158.472,NA,NA,WC170992,119,19,DiversityPanel,28/10/24
119-6,201.514,22.85,11.3391625395754,WC170651,119,6,DiversityPanel,29/10/24
119-6,201.514,22.85,11.3391625395754,WC170651,119,6,DiversityPanel,29/10/24
119-6,201.514,22.85,11.3391625395754,WC170651,119,6,DiversityPanel,29/10/24
119-6,201.514,22.85,11.3391625395754,WC170651,119,6,DiversityPanel,29/10/24
119-8,222.554,16.59,7.45437062465739,WC170653,119,8,DiversityPanel,24/10/24
119-8,222.554,16.59,7.45437062465739,WC170653,119,8,DiversityPanel,24/10/24
119-8,222.554,16.59,7.45437062465739,WC170653,119,8,DiversityPanel,24/10/24
119-8,222.554,16.59,7.45437062465739,WC170653,119,8,DiversityPanel,24/10/24
12-20,115.431,7.03,6.09021839887032,CNJ1256147,12,20,ColorPanel,30/10/24
12-20,115.431,7.03,6.09021839887032,CNJ1256147,12,20,ColorPanel,30/10/24
12-20,115.431,7.03,6.09021839887032,CNJ1256147,12,20,ColorPanel,30/10/24
12-20,115.431,7.03,6.09021839887032,CNJ1256147,12,20,ColorPanel,30/10/24
12-21,65.71,8.38,12.753005630802,Stevens05,12,21,ColorPanel,01/11/24
12-21,65.71,8.38,12.753005630802,Stevens05,12,21,ColorPanel,01/11/24
12-21,65.71,8.38,12.753005630802,Stevens05,12,21,ColorPanel,01/11/24
12-21,65.71,8.38,12.753005630802,Stevens05,12,21,ColorPanel,01/11/24
12-26,91.426,11.22,12.2722201561919,CNJ1256155,12,26,ColorPanel,24/10/24
12-26,91.426,11.22,12.2722201561919,CNJ1256155,12,26,ColorPanel,24/10/24
12-26,91.426,11.22,12.2722201561919,CNJ1256155,12,26,ColorPanel,24/10/24
12-26,91.426,11.22,12.2722201561919,CNJ1256155,12,26,ColorPanel,24/10/24
12-27,NA,NA,NA,CNJ0423702,12,27,ColorPanel,31/10/38
12-27,NA,NA,NA,CNJ0423702,12,27,ColorPanel,31/10/39
12-27,NA,NA,NA,CNJ0423702,12,27,ColorPanel,31/10/40
12-27,NA,NA,NA,CNJ0423702,12,27,ColorPanel,31/10/41
13-20,31.7695,1.95,6.13796251121359,CNJ0823332,13,20,ColorPanel,30/10/24
13-20,31.7695,1.95,6.13796251121359,CNJ0823332,13,20,ColorPanel,30/10/24
13-20,31.7695,1.95,6.13796251121359,CNJ0823332,13,20,ColorPanel,30/10/24
13-20,31.7695,1.95,6.13796251121359,CNJ0823332,13,20,ColorPanel,30/10/24
14-22,92.971,0.65,0.699142743436125,CNJ0423701,14,22,ColorPanel,01/11/24
14-22,92.971,0.65,0.699142743436125,CNJ0423701,14,22,ColorPanel,01/11/24
14-22,92.971,0.65,0.699142743436125,CNJ0423701,14,22,ColorPanel,01/11/24
14-22,92.971,0.65,0.699142743436125,CNJ0423701,14,22,ColorPanel,01/11/24
14-25,7.055,0.65,9.21332388377038,CNJ1256179,14,25,ColorPanel,24/10/24
14-25,7.055,0.65,9.21332388377038,CNJ1256179,14,25,ColorPanel,24/10/24
14-25,7.055,0.65,9.21332388377038,CNJ1256179,14,25,ColorPanel,24/10/24
14-25,7.055,0.65,9.21332388377038,CNJ1256179,14,25,ColorPanel,24/10/24
14-26,86.2915,6.79,7.86867767972512,Stevens13,14,26,ColorPanel,24/10/24
14-26,86.2915,6.79,7.86867767972512,Stevens13,14,26,ColorPanel,24/10/24
14-26,86.2915,6.79,7.86867767972512,Stevens13,14,26,ColorPanel,24/10/24
14-26,86.2915,6.79,7.86867767972512,Stevens13,14,26,ColorPanel,24/10/24
15-20,30.6425,8.74,28.5224769519458,CNJ0823337,15,20,ColorPanel,01/11/24
15-20,30.6425,8.74,28.5224769519458,CNJ0823337,15,20,ColorPanel,01/11/24
15-20,30.6425,8.74,28.5224769519458,CNJ0823337,15,20,ColorPanel,01/11/24
15-20,30.6425,8.74,28.5224769519458,CNJ0823337,15,20,ColorPanel,01/11/24
15-23,62.788,10.75,17.1211059438109,CNJ1256188,15,23,ColorPanel,01/11/24
15-23,62.788,10.75,17.1211059438109,CNJ1256188,15,23,ColorPanel,01/11/24
15-23,62.788,10.75,17.1211059438109,CNJ1256188,15,23,ColorPanel,01/11/24
15-23,62.788,10.75,17.1211059438109,CNJ1256188,15,23,ColorPanel,01/11/24
15-26,1.5445,0.18,11.6542570411136,CNJ1256191,15,26,ColorPanel,01/11/24
15-26,1.5445,0.18,11.6542570411136,CNJ1256191,15,26,ColorPanel,01/11/24
15-26,1.5445,0.18,11.6542570411136,CNJ1256191,15,26,ColorPanel,01/11/24
15-26,1.5445,0.18,11.6542570411136,CNJ1256191,15,26,ColorPanel,01/11/24
15-27,0.3755,0.29,77.2303595206391,CNJ1256192,15,27,ColorPanel,30/10/24
15-27,0.3755,0.29,77.2303595206391,CNJ1256192,15,27,ColorPanel,30/10/24
15-27,0.3755,0.29,77.2303595206391,CNJ1256192,15,27,ColorPanel,30/10/24
15-27,0.3755,0.29,77.2303595206391,CNJ1256192,15,27,ColorPanel,30/10/24
16-20,NA,NA,NA,CNJ1256195,16,20,ColorPanel,31/10/35
16-20,NA,NA,NA,CNJ1256195,16,20,ColorPanel,31/10/36
16-20,NA,NA,NA,CNJ1256195,16,20,ColorPanel,31/10/37
16-20,NA,NA,NA,CNJ1256195,16,20,ColorPanel,31/10/34
16-25,6.5545,1.12,17.0874971393699,CNJ0823374,16,25,ColorPanel,24/10/24
16-25,6.5545,1.12,17.0874971393699,CNJ0823374,16,25,ColorPanel,24/10/24
16-25,6.5545,1.12,17.0874971393699,CNJ0823374,16,25,ColorPanel,24/10/24
16-25,6.5545,1.12,17.0874971393699,CNJ0823374,16,25,ColorPanel,24/10/24
16-26,3.173,NA,NA,CNJ1256200,16,26,ColorPanel,28/10/24
16-26,3.173,NA,NA,CNJ1256200,16,26,ColorPanel,28/10/24
16-27,121.443,23.79,19.5894370198365,Stevens03,16,27,ColorPanel,30/10/24
16-27,121.443,23.79,19.5894370198365,Stevens03,16,27,ColorPanel,30/10/24
16-27,121.443,23.79,19.5894370198365,Stevens03,16,27,ColorPanel,30/10/24
16-27,121.443,23.79,19.5894370198365,Stevens03,16,27,ColorPanel,30/10/24
17-20,2.7555,1.06,38.4685175104337,CNJ1256202,17,20,ColorPanel,01/11/24
17-20,2.7555,1.06,38.4685175104337,CNJ1256202,17,20,ColorPanel,01/11/24
17-20,2.7555,1.06,38.4685175104337,CNJ1256202,17,20,ColorPanel,01/11/24
17-20,2.7555,1.06,38.4685175104337,CNJ1256202,17,20,ColorPanel,01/11/24
17-21,82.4925,4.13,5.0065157438555,Stevens17,17,21,ColorPanel,01/11/24
17-21,82.4925,4.13,5.0065157438555,Stevens17,17,21,ColorPanel,01/11/24
17-21,82.4925,4.13,5.0065157438555,Stevens17,17,21,ColorPanel,01/11/24
17-21,82.4925,4.13,5.0065157438555,Stevens17,17,21,ColorPanel,01/11/24
17-24,84.7885,9.74,11.4874069007,CNJ125803,17,24,ColorPanel,01/11/24
17-24,84.7885,9.74,11.4874069007,CNJ125803,17,24,ColorPanel,01/11/24
17-24,84.7885,9.74,11.4874069007,CNJ125803,17,24,ColorPanel,01/11/24
17-24,84.7885,9.74,11.4874069007,CNJ125803,17,24,ColorPanel,01/11/24
17-25,162.1045,1.71,1.05487509600289,CNJ125804,17,25,ColorPanel,24/10/24
17-25,162.1045,1.71,1.05487509600289,CNJ125804,17,25,ColorPanel,24/10/24
17-25,162.1045,1.71,1.05487509600289,CNJ125804,17,25,ColorPanel,24/10/24
17-25,162.1045,1.71,1.05487509600289,CNJ125804,17,25,ColorPanel,24/10/24
17-27,2.505,0.94,37.5249500998004,CNJ125807,17,27,ColorPanel,30/10/24
17-27,2.505,0.94,37.5249500998004,CNJ125807,17,27,ColorPanel,30/10/24
17-27,2.505,0.94,37.5249500998004,CNJ125807,17,27,ColorPanel,30/10/24
17-27,2.505,0.94,37.5249500998004,CNJ125807,17,27,ColorPanel,30/10/24
18-25,67.0875,1.71,2.54891000558971,Stevens15,18,25,ColorPanel,19/10/24
18-25,67.0875,1.71,2.54891000558971,Stevens15,18,25,ColorPanel,19/10/24
18-25,67.0875,1.71,2.54891000558971,Stevens15,18,25,ColorPanel,19/10/24
18-25,67.0875,1.71,2.54891000558971,Stevens15,18,25,ColorPanel,19/10/24
18-26,6.596,0.71,10.7640994542147,CNJ125816,18,26,ColorPanel,24/10/24
18-26,6.596,0.71,10.7640994542147,CNJ125816,18,26,ColorPanel,24/10/24
18-26,6.596,0.71,10.7640994542147,CNJ125816,18,26,ColorPanel,24/10/24
18-26,6.596,0.71,10.7640994542147,CNJ125816,18,26,ColorPanel,24/10/24
18-27,122.069,NA,NA,CNJ125817,18,27,ColorPanel,01/11/24
18-27,122.069,NA,NA,CNJ125817,18,27,ColorPanel,01/11/24
19-20,2.672,NA,NA,CNJ125821,19,20,ColorPanel,01/11/24
19-20,2.672,NA,NA,CNJ125821,19,20,ColorPanel,01/11/24
19-21,1.3775,1.48,107.441016333938,CNJ125822,19,21,ColorPanel,01/11/24
19-21,1.3775,1.48,107.441016333938,CNJ125822,19,21,ColorPanel,01/11/24
19-21,1.3775,1.48,107.441016333938,CNJ125822,19,21,ColorPanel,01/11/24
19-21,1.3775,1.48,107.441016333938,CNJ125822,19,21,ColorPanel,01/11/24
19-22,96.102,1.89,1.96666042330024,Stevens14,19,22,ColorPanel,01/11/24
19-22,96.102,1.89,1.96666042330024,Stevens14,19,22,ColorPanel,01/11/24
19-22,96.102,1.89,1.96666042330024,Stevens14,19,22,ColorPanel,01/11/24
19-22,96.102,1.89,1.96666042330024,Stevens14,19,22,ColorPanel,01/11/24
19-25,2.839,2.6,91.5815427967594,CNJ125825,19,25,ColorPanel,24/10/24
19-25,2.839,2.6,91.5815427967594,CNJ125825,19,25,ColorPanel,24/10/24
19-25,2.839,2.6,91.5815427967594,CNJ125825,19,25,ColorPanel,24/10/24
19-25,2.839,2.6,91.5815427967594,CNJ125825,19,25,ColorPanel,24/10/24
19-27,86.3335,0.59,0.683396364099683,Stevens01,19,27,ColorPanel,30/10/24
19-27,86.3335,0.59,0.683396364099683,Stevens01,19,27,ColorPanel,30/10/24
19-27,86.3335,0.59,0.683396364099683,Stevens01,19,27,ColorPanel,30/10/24
19-27,86.3335,0.59,0.683396364099683,Stevens01,19,27,ColorPanel,30/10/24
2-20,NA,NA,NA,CNJ082331,2,20,ColorPanel,31/10/33
2-20,NA,NA,NA,CNJ082331,2,20,ColorPanel,31/10/30
2-20,NA,NA,NA,CNJ082331,2,20,ColorPanel,31/10/31
2-20,NA,NA,NA,CNJ082331,2,20,ColorPanel,31/10/32
2-22,50.2635,5.2,10.3454793239627,Stevens11,2,22,ColorPanel,01/11/24
2-22,50.2635,5.2,10.3454793239627,Stevens11,2,22,ColorPanel,01/11/24
2-22,50.2635,5.2,10.3454793239627,Stevens11,2,22,ColorPanel,01/11/24
2-22,50.2635,5.2,10.3454793239627,Stevens11,2,22,ColorPanel,01/11/24
2-23,77.0235,3.13,4.06369484637805,CNJ125614,2,23,ColorPanel,01/11/24
2-23,77.0235,3.13,4.06369484637805,CNJ125614,2,23,ColorPanel,01/11/24
2-23,77.0235,3.13,4.06369484637805,CNJ125614,2,23,ColorPanel,01/11/24
2-23,77.0235,3.13,4.06369484637805,CNJ125614,2,23,ColorPanel,01/11/24
2-26,20.4975,2.89,14.0992804000488,Stevens19,2,26,ColorPanel,31/10/24
2-26,20.4975,2.89,14.0992804000488,Stevens19,2,26,ColorPanel,31/10/24
2-26,20.4975,2.89,14.0992804000488,Stevens19,2,26,ColorPanel,31/10/24
2-26,20.4975,2.89,14.0992804000488,Stevens19,2,26,ColorPanel,31/10/24
2-28,18.4105,0.65,3.53059395453681,CNJ0823315,2,28,ColorPanel,29/10/24
2-28,18.4105,0.65,3.53059395453681,CNJ0823315,2,28,ColorPanel,29/10/24
2-28,18.4105,0.65,3.53059395453681,CNJ0823315,2,28,ColorPanel,29/10/24
2-28,18.4105,0.65,3.53059395453681,CNJ0823315,2,28,ColorPanel,29/10/24
20-23,1.586,0.94,59.2686002522068,CNJ125831,20,23,ColorPanel,01/11/24
20-23,1.586,0.94,59.2686002522068,CNJ125831,20,23,ColorPanel,01/11/24
20-23,1.586,0.94,59.2686002522068,CNJ125831,20,23,ColorPanel,01/11/24
20-23,1.586,0.94,59.2686002522068,CNJ125831,20,23,ColorPanel,01/11/24
20-25,92.7205,11.75,12.6724942164893,CNJ125833,20,25,ColorPanel,24/10/24
20-25,92.7205,11.75,12.6724942164893,CNJ125833,20,25,ColorPanel,24/10/24
20-25,92.7205,11.75,12.6724942164893,CNJ125833,20,25,ColorPanel,24/10/24
20-25,92.7205,11.75,12.6724942164893,CNJ125833,20,25,ColorPanel,24/10/24
20-27,61.828,3.72,6.01669146664941,No351635,20,27,ColorPanel,30/10/24
20-27,61.828,3.72,6.01669146664941,No351635,20,27,ColorPanel,30/10/24
20-27,61.828,3.72,6.01669146664941,No351635,20,27,ColorPanel,30/10/24
20-27,61.828,3.72,6.01669146664941,No351635,20,27,ColorPanel,30/10/24
20-28,293.9835,10.86,3.69408487211017,BenLear1284,20,28,ColorPanel,30/10/24
20-28,293.9835,10.86,3.69408487211017,BenLear1284,20,28,ColorPanel,30/10/24
20-28,293.9835,10.86,3.69408487211017,BenLear1284,20,28,ColorPanel,30/10/24
20-28,293.9835,10.86,3.69408487211017,BenLear1284,20,28,ColorPanel,30/10/24
3-20,38.4905,0.35,0.909315285589951,CNJ0823362,3,20,ColorPanel,01/11/24
3-20,38.4905,0.35,0.909315285589951,CNJ0823362,3,20,ColorPanel,01/11/24
3-20,38.4905,0.35,0.909315285589951,CNJ0823362,3,20,ColorPanel,01/11/24
3-20,38.4905,0.35,0.909315285589951,CNJ0823362,3,20,ColorPanel,01/11/24
3-25,0.793,0.41,51.702395964691,CNJ0823358,3,25,ColorPanel,28/10/24
3-25,0.793,0.41,51.702395964691,CNJ0823358,3,25,ColorPanel,28/10/24
3-25,0.793,0.41,51.702395964691,CNJ0823358,3,25,ColorPanel,28/10/24
3-25,0.793,0.41,51.702395964691,CNJ0823358,3,25,ColorPanel,28/10/24
3-28,0.96,0.53,55.2083333333333,CNJ0823381,3,28,ColorPanel,30/10/24
3-28,0.96,0.53,55.2083333333333,CNJ0823381,3,28,ColorPanel,30/10/24
3-28,0.96,0.53,55.2083333333333,CNJ0823381,3,28,ColorPanel,30/10/24
3-28,0.96,0.53,55.2083333333333,CNJ0823381,3,28,ColorPanel,30/10/24
4-20,7.0975,0.12,1.6907361747094,CNJ125650,4,20,ColorPanel,30/10/24
4-20,7.0975,0.12,1.6907361747094,CNJ125650,4,20,ColorPanel,30/10/24
4-20,7.0975,0.12,1.6907361747094,CNJ125650,4,20,ColorPanel,30/10/24
4-20,7.0975,0.12,1.6907361747094,CNJ125650,4,20,ColorPanel,30/10/24
4-24,46.0885,1.54,3.34139752866767,Stevens09,4,24,ColorPanel,01/11/24
4-24,46.0885,1.54,3.34139752866767,Stevens09,4,24,ColorPanel,01/11/24
4-24,46.0885,1.54,3.34139752866767,Stevens09,4,24,ColorPanel,01/11/24
4-24,46.0885,1.54,3.34139752866767,Stevens09,4,24,ColorPanel,01/11/24
4-26,75.813,6.85,9.03538970888898,CNJ0423703,4,26,ColorPanel,24/10/24
4-26,75.813,6.85,9.03538970888898,CNJ0423703,4,26,ColorPanel,24/10/24
4-26,75.813,6.85,9.03538970888898,CNJ0423703,4,26,ColorPanel,24/10/24
4-26,75.813,6.85,9.03538970888898,CNJ0423703,4,26,ColorPanel,24/10/24
4-27,2.755,NA,NA,CNJ125656,4,27,ColorPanel,01/11/24
4-27,2.755,NA,NA,CNJ125656,4,27,ColorPanel,01/11/24
6-20,-16583.913,23532.66,-141.900527336341,CNJ125667,6,20,ColorPanel,30/10/24
6-20,-16583.913,23532.66,-141.900527336341,CNJ125667,6,20,ColorPanel,30/10/24
6-20,-16583.913,23532.66,-141.900527336341,CNJ125667,6,20,ColorPanel,30/10/24
6-20,-16583.913,23532.66,-141.900527336341,CNJ125667,6,20,ColorPanel,30/10/24
6-25,178.219,9.62,5.3978532030816,CNJ125671,6,25,ColorPanel,24/10/24
6-25,178.219,9.62,5.3978532030816,CNJ125671,6,25,ColorPanel,24/10/24
6-25,178.219,9.62,5.3978532030816,CNJ125671,6,25,ColorPanel,24/10/24
6-25,178.219,9.62,5.3978532030816,CNJ125671,6,25,ColorPanel,24/10/24
6-26,24.255,1.83,7.54483611626469,CNJ125673,6,26,ColorPanel,24/10/24
6-26,24.255,1.83,7.54483611626469,CNJ125673,6,26,ColorPanel,24/10/24
6-26,24.255,1.83,7.54483611626469,CNJ125673,6,26,ColorPanel,24/10/24
6-26,24.255,1.83,7.54483611626469,CNJ125673,6,26,ColorPanel,24/10/24
6-27,37.1135,56.38,151.912376897894,Stevens04,6,27,ColorPanel,30/10/24
6-27,37.1135,56.38,151.912376897894,Stevens04,6,27,ColorPanel,30/10/24
6-27,37.1135,56.38,151.912376897894,Stevens04,6,27,ColorPanel,30/10/24
6-27,37.1135,56.38,151.912376897894,Stevens04,6,27,ColorPanel,30/10/24
6-28,3.465,0.65,18.7590187590188,CNJ0823371,6,28,ColorPanel,30/10/24
6-28,3.465,0.65,18.7590187590188,CNJ0823371,6,28,ColorPanel,30/10/24
6-28,3.465,0.65,18.7590187590188,CNJ0823371,6,28,ColorPanel,30/10/24
6-28,3.465,0.65,18.7590187590188,CNJ0823371,6,28,ColorPanel,30/10/24
7-24,55.3985,1.83,3.30333853804706,Stevens08,7,24,ColorPanel,01/11/24
7-24,55.3985,1.83,3.30333853804706,Stevens08,7,24,ColorPanel,01/11/24
7-24,55.3985,1.83,3.30333853804706,Stevens08,7,24,ColorPanel,01/11/24
7-24,55.3985,1.83,3.30333853804706,Stevens08,7,24,ColorPanel,01/11/24
7-28,45.5045,2.72,5.9774308035469,CNJ0823319,7,28,ColorPanel,29/10/24
7-28,45.5045,2.72,5.9774308035469,CNJ0823319,7,28,ColorPanel,29/10/24
7-28,45.5045,2.72,5.9774308035469,CNJ0823319,7,28,ColorPanel,29/10/24
7-28,45.5045,2.72,5.9774308035469,CNJ0823319,7,28,ColorPanel,29/10/24
8-20,77.6915,3.48,4.47925448729913,Stevens02,8,20,ColorPanel,30/10/24
8-20,77.6915,3.48,4.47925448729913,Stevens02,8,20,ColorPanel,30/10/24
8-20,77.6915,3.48,4.47925448729913,Stevens02,8,20,ColorPanel,30/10/24
8-20,77.6915,3.48,4.47925448729913,Stevens02,8,20,ColorPanel,30/10/24
8-25,83.9955,2.48,2.95253912411974,CNJ1256108,8,25,ColorPanel,24/10/24
8-25,83.9955,2.48,2.95253912411974,CNJ1256108,8,25,ColorPanel,24/10/24
8-25,83.9955,2.48,2.95253912411974,CNJ1256108,8,25,ColorPanel,24/10/24
8-25,83.9955,2.48,2.95253912411974,CNJ1256108,8,25,ColorPanel,24/10/24
8-26,91.635,0.18,0.196431494516287,CNJ0823321,8,26,ColorPanel,24/10/24
8-26,91.635,0.18,0.196431494516287,CNJ0823321,8,26,ColorPanel,24/10/24
8-26,91.635,0.18,0.196431494516287,CNJ0823321,8,26,ColorPanel,24/10/24
8-26,91.635,0.18,0.196431494516287,CNJ0823321,8,26,ColorPanel,24/10/24
9-24,77.483,5.67,7.317734212666,CNJ0823324,9,24,ColorPanel,01/11/24
9-24,77.483,5.67,7.317734212666,CNJ0823324,9,24,ColorPanel,01/11/24
9-24,77.483,5.67,7.317734212666,CNJ0823324,9,24,ColorPanel,01/11/24
9-24,77.483,5.67,7.317734212666,CNJ0823324,9,24,ColorPanel,01/11/24
9-27,48.343,2.6,5.37823469788801,CNJ0823326,9,27,ColorPanel,30/10/24
9-27,48.343,2.6,5.37823469788801,CNJ0823326,9,27,ColorPanel,30/10/24
9-27,48.343,2.6,5.37823469788801,CNJ0823326,9,27,ColorPanel,30/10/24
9-27,48.343,2.6,5.37823469788801,CNJ0823326,9,27,ColorPanel,30/10/24
