pH,Rep,Sample_code,Label,nm_520,nm_700,Date,Rx_min,Harvest,Year,Reps,Notes,Person
4.5,2,106-10,,0.738,0.081,18/10/24,20,1,2023,1,Reps came from juice,Ree
4.5,1,106-10,,0.748,0.088,18/10/24,20,1,2023,1,Reps came from juice,Ree
1,1,106-10,,3.27,0.092,18/10/24,20,1,2023,1,Reps came from juice,Ree
1,2,106-10,,3.402,0.133,18/10/24,20,1,2023,1,Reps came from juice,Ree
4.5,1,106-16,,2.098,0.162,18/10/24,20,1,2023,0,Only juice for 1 rep,Ree
1,1,106-16,,0.974,0.711,18/10/24,20,1,2023,0,Only juice for 1 rep,Ree
4.5,1,107-10,,0.744,0.124,18/10/24,20,1,2023,0,Only juice for 1 rep,Ree
1,1,107-10,,3.28,0.115,18/10/24,20,1,2023,0,Only juice for 1 rep,Ree
4.5,1,108-5,,0.179,0.107,18/10/24,20,1,2023,0,,Ree
4.5,2,108-5,,0.265,0.148,18/10/24,20,1,2023,0,,Ree
1,2,108-5,,0.325,0.118,18/10/24,20,1,2023,0,,Ree
1,1,108-5,,0.413,0.189,18/10/24,20,1,2023,0,,Ree
4.5,1,109-13,,0.364,0.121,18/10/24,20,1,2023,0,Only juice for 1 rep,Ree
1,1,109-13,,1.297,0.104,18/10/24,20,1,2023,0,Only juice for 1 rep,Ree
4.5,1,112-5,,0.202,0.068,18/10/24,20,1,2023,1,Only juice for 1 rep,Ree
1,1,112-5,,1.484,0.068,18/10/24,20,1,2023,1,Only juice for 1 rep,Ree
4.5,1,117-5,,0.289,0.088,18/10/24,20,1,2023,1,Only juice for 1 rep,Ree
1,1,117-5,,1.266,0.039,18/10/24,20,1,2023,1,Only juice for 1 rep,Ree
4.5,2,106-10,1,0.274,0.043,11/10/24,0,1,2023,0,,Drew
4.5,1,106-10,1,0.275,0.053,11/10/24,0,1,2023,0,,Drew
1,1,106-10,1,2.126,0.048,11/10/24,0,1,2023,0,,Drew
1,2,106-10,1,1.831,0.061,11/10/24,0,1,2023,0,,Drew
4.5,1,106-5,1,0.441,0.041,11/10/24,0,2,2023,0,,Drew
4.5,2,106-5,1,0.501,0.045,11/10/24,0,2,2023,0,,Drew
1,1,106-5,1,3.082,0.06,11/10/24,0,2,2023,0,,Drew
1,2,106-5,1,3.146,0.083,11/10/24,0,2,2023,0,,Drew
4.5,1,107-10,1,0.352,0.069,15/10/24,0,1,2023,0,,Drew
4.5,2,107-10,1,0.363,0.082,15/10/24,0,1,2023,0,,Drew
1,1,107-10,1,1.877,0.046,15/10/24,0,1,2023,0,,Drew
1,2,107-10,1,1.78,0.068,15/10/24,0,1,2023,0,,Drew
4.5,1,107-11,1,0.305,0.099,15/10/24,0,1,2023,0,,Drew
4.5,2,107-11,1,0.314,0.105,15/10/24,0,1,2023,0,,Drew
1,1,107-11,1,1.379,0.089,15/10/24,0,1,2023,0,,Drew
1,2,107-11,1,1.353,0.093,15/10/24,0,1,2023,0,,Drew
4.5,2,107-13,1,0.134,0.078,15/10/24,0,1,2023,0,,Drew
4.5,1,107-13,1,0.145,0.086,15/10/24,0,1,2023,0,,Drew
1,2,107-13,1,0.17,0.1,15/10/24,0,1,2023,0,,Drew
1,1,107-13,1,0.163,0.102,15/10/24,0,1,2023,0,Both tubes are 13 g,Drew
4.5,1,107-5,1,0.637,0.069,14/10/24,0,2,2023,0,,Drew
4.5,2,107-5,1,0.633,0.076,14/10/24,0,2,2023,0,,Drew
1,2,107-5,1,3.563,0.052,14/10/24,0,2,2023,0,,Drew
1,1,107-5,1,3.536,0.079,14/10/24,0,2,2023,0,,Drew
4.5,2,108-1,1,0.133,0.061,14/10/24,0,1,2023,0,,Drew
4.5,1,108-1,1,0.159,0.078,14/10/24,0,1,2023,0,,Drew
1,2,108-1,1,0.328,0.086,14/10/24,0,1,2023,0,,Drew
1,1,108-1,1,0.352,0.102,14/10/24,0,1,2023,0,,Drew
4.5,1,108-16,1,0.441,0.128,15/10/24,0,2,2023,1,,Drew
4.5,2,108-16,1,0.462,0.13,15/10/24,0,2,2023,1,,Drew
1,2,108-16,1,1.745,0.075,15/10/24,0,2,2023,1,,Drew
1,1,108-16,1,2.22,0.11,15/10/24,0,2,2023,1,All reps came from 1 tube,Drew
4.5,1,108-5,1,0.17,0.096,11/10/24,0,2,2023,0,,Drew
1,2,108-5,1,0.193,0.06,11/10/24,0,2,2023,0,,Drew
1,1,108-5,1,0.286,0.085,11/10/24,0,2,2023,0,,Drew
4.5,2,108-5,1,0.183,0.11,11/10/24,0,2,2023,0,,Drew
4.5,1,109-1,1,0.288,0.069,15/10/24,0,1,2023,0,,Drew
4.5,2,109-1,1,0.332,0.089,15/10/24,0,1,2023,0,,Drew
1,1,109-1,1,1.473,0.074,15/10/24,0,1,2023,0,,Drew
1,2,109-1,1,1.28,0.075,15/10/24,0,1,2023,0,,Drew
4.5,1,109-10,1,0.172,0.052,15/10/24,0,1,2023,0,,Drew
4.5,2,109-10,1,0.369,0.09,15/10/24,0,1,2023,0,,Drew
1,1,109-10,1,0.777,0.046,15/10/24,0,1,2023,0,,Drew
1,2,109-10,1,0.97,0.06,15/10/24,0,1,2023,0,,Drew
4.5,1,109-13,1,0.226,0.09,15/10/24,0,1,2023,0,,Drew
4.5,2,109-13,1,0.291,0.115,15/10/24,0,1,2023,0,,Drew
1,1,109-13,1,0.719,0.073,15/10/24,0,1,2023,0,,Drew
1,2,109-13,1,0.825,0.089,15/10/24,0,1,2023,0,,Drew
4.5,1,109-5,1,0.529,0.062,14/10/24,0,2,2023,0,,Drew
4.5,2,109-5,1,0.584,0.075,14/10/24,0,2,2023,0,,Drew
1,1,109-5,1,3.34,0.028,14/10/24,0,2,2023,0,,Drew
1,2,109-5,1,3.747,0.036,14/10/24,0,2,2023,0,,Drew
4.5,1,110-10,1,0.628,0.241,15/10/24,0,1,2023,1,,Drew
4.5,2,110-10,1,0.786,0.279,15/10/24,0,1,2023,1,,Drew
1,2,110-10,1,1.613,0.176,15/10/24,0,1,2023,1,,Drew
1,1,110-10,1,1.631,0.186,15/10/24,0,1,2023,1,Less than 20 g,Drew
4.5,2,110-13,1,0.17,0.053,14/10/24,0,1,2023,0,,Drew
4.5,1,110-13,1,0.239,0.097,14/10/24,0,1,2023,0,,Drew
1,1,110-13,1,0.802,0.06,14/10/24,0,1,2023,0,,Drew
1,2,110-13,1,0.852,0.071,14/10/24,0,1,2023,0,,Drew
4.5,1,110-16,1,0.503,0.148,15/10/24,0,2,2023,0,,Drew
4.5,2,110-16,1,0.622,0.184,15/10/24,0,2,2023,0,,Drew
1,1,110-16,1,2.081,0.142,15/10/24,0,2,2023,0,,Drew
1,2,110-16,1,1.832,0.144,15/10/24,0,2,2023,0,,Drew
4.5,2,110-5,1,0.719,0.114,14/10/24,0,2,2023,0,,Drew
4.5,1,110-5,1,0.703,0.161,14/10/24,0,2,2023,0,,Drew
1,2,110-5,1,3.328,0.15,14/10/24,0,2,2023,0,,Drew
1,1,110-5,1,3.215,0.16,14/10/24,0,2,2023,0,Both tubes are 15 g,Drew
4.5,1,111-10,1,0.253,0.059,15/10/24,0,1,2023,0,,Drew
4.5,2,111-10,1,0.259,0.063,15/10/24,0,1,2023,0,,Drew
1,1,111-10,1,1.065,0.042,15/10/24,0,1,2023,0,,Drew
1,2,111-10,1,1.202,0.076,15/10/24,0,1,2023,0,,Drew
4.5,2,111-16,1,0.088,0.046,15/10/24,0,2,2023,0,,Drew
4.5,1,111-16,1,0.112,0.061,15/10/24,0,2,2023,0,,Drew
1,2,111-16,1,0.144,0.069,15/10/24,0,2,2023,0,,Drew
1,1,111-16,1,0.15,0.077,15/10/24,0,2,2023,0,,Drew
4.5,1,111-5,1,0.653,0.156,11/10/24,0,2,2023,0,,Drew
4.5,2,111-5,1,0.714,0.178,11/10/24,0,2,2023,0,,Drew
1,1,111-5,1,3.207,0.126,11/10/24,0,2,2023,0,Both tubes are 18 g,Drew
1,2,111-5,1,3.263,0.127,11/10/24,0,2,2023,0,,Drew
4.5,1,112-10,1,0.208,0.028,15/10/24,0,1,2023,0,,Drew
4.5,2,112-10,1,0.249,0.037,15/10/24,0,1,2023,0,,Drew
1,1,112-10,1,1.267,0.025,15/10/24,0,1,2023,0,,Drew
1,2,112-10,1,1.368,0.032,15/10/24,0,1,2023,0,,Drew
4.5,2,112-16,0,0.271,0.052,15/10/24,0,1,2023,0,,Drew
4.5,1,112-16,0,0.304,0.079,15/10/24,0,1,2023,0,,Drew
1,2,112-16,0,1.625,0.042,15/10/24,0,1,2023,0,,Drew
1,1,112-16,0,1.477,0.056,15/10/24,0,1,2023,0,,Drew
4.5,2,112-5,1,0.334,0.073,14/10/24,0,2,2023,0,,Drew
4.5,1,112-5,1,0.351,0.079,14/10/24,0,2,2023,0,,Drew
1,2,112-5,1,1.178,0.049,14/10/24,0,2,2023,0,,Drew
1,1,112-5,1,2.01,0.066,14/10/24,0,2,2023,0,,Drew
4.5,1,112-7,1,0.254,0.126,15/10/24,0,1,2023,0,,Drew
4.5,2,112-7,1,0.279,0.135,15/10/24,0,1,2023,0,,Drew
1,1,112-7,1,0.439,0.12,15/10/24,0,1,2023,0,,Drew
1,2,112-7,1,0.489,0.12,15/10/24,0,1,2023,0,,Drew
4.5,2,113-10,1,1.31,0.108,15/10/24,0,1,2023,0,,Drew
4.5,1,113-10,1,1.089,0.139,15/10/24,0,1,2023,0,,Drew
1,2,113-10,1,4.225,0.092,15/10/24,0,1,2023,0,,Drew
1,1,113-10,1,4.267,0.115,15/10/24,0,1,2023,0,,Drew
4.5,2,113-16,1,0.747,0.077,15/10/24,0,2,2023,0,,Drew
4.5,1,113-16,1,0.879,0.087,15/10/24,0,2,2023,0,,Drew
1,1,113-16,1,3.926,0.059,15/10/24,0,2,2023,0,,Drew
1,2,113-16,1,3.914,0.071,15/10/24,0,2,2023,0,,Drew
4.5,2,114-5,1,0.821,0.107,11/10/24,0,2,2023,0,,Drew
4.5,1,114-5,1,0.87,0.133,11/10/24,0,2,2023,0,,Drew
1,1,114-5,1,4.492,0.088,11/10/24,0,2,2023,0,,Drew
1,2,114-5,1,4.412,0.095,11/10/24,0,2,2023,0,,Drew
4.5,2,115-10,1,0.476,0.15,15/10/24,0,1,2023,1,,Drew
4.5,1,115-10,1,0.623,0.177,15/10/24,0,1,2023,1,,Drew
1,1,115-10,1,1.776,0.138,15/10/24,0,1,2023,1,"Less than 20 g, juice split",Drew
1,2,115-10,1,2.212,0.17,15/10/24,0,1,2023,1,,Drew
4.5,1,115-16,1,0.585,0.181,15/10/24,0,2,2023,0,,Drew
4.5,2,115-16,1,0.884,0.2,15/10/24,0,2,2023,0,,Drew
1,2,115-16,1,2.792,0.169,15/10/24,0,2,2023,0,,Drew
1,1,115-16,1,2.766,0.17,15/10/24,0,2,2023,0,,Drew
4.5,2,115-5,1,1.047,0.134,14/10/24,0,2,2023,0,,Drew
4.5,1,115-5,1,1.255,0.2,14/10/24,0,2,2023,0,,Drew
1,1,115-5,1,4.073,0.164,14/10/24,0,2,2023,0,,Drew
1,2,115-5,1,3.825,0.197,14/10/24,0,2,2023,0,,Drew
4.5,2,116-10,1,0.68,0.13,15/10/24,0,1,2023,0,,Drew
4.5,1,116-10,1,0.713,0.156,15/10/24,0,1,2023,0,,Drew
1,1,116-10,1,3.036,0.125,15/10/24,0,1,2023,0,Less than 20 g,Drew
1,2,116-10,1,2.799,0.127,15/10/24,0,1,2023,0,,Drew
4.5,1,116-16,1,0.802,0.119,15/10/24,0,2,2023,0,,Drew
4.5,2,116-16,1,0.784,0.13,15/10/24,0,2,2023,0,,Drew
1,1,116-16,1,3.628,0.104,15/10/24,0,2,2023,0,Less than 20 g,Drew
1,2,116-16,1,4.061,0.116,15/10/24,0,2,2023,0,,Drew
4.5,1,116-5,1,0.807,0.12,14/10/24,0,2,2023,0,,Drew
4.5,2,116-5,1,0.938,0.177,14/10/24,0,2,2023,0,,Drew
1,1,116-5,1,3.89,0.1,14/10/24,0,2,2023,0,,Drew
1,2,116-5,1,4.409,0.138,14/10/24,0,2,2023,0,,Drew
4.5,1,117-10,1,0.337,0.145,15/10/24,0,1,2023,0,,Drew
4.5,2,117-10,1,0.393,0.163,15/10/24,0,1,2023,0,,Drew
1,1,117-10,1,0.961,0.098,15/10/24,0,1,2023,0,Less than 20 g,Drew
1,2,117-10,1,1.079,0.14,15/10/24,0,1,2023,0,,Drew
4.5,2,117-3,1,0.494,0.085,14/10/24,0,2,2023,0,,Drew
4.5,1,117-3,1,0.515,0.12,14/10/24,0,2,2023,0,,Drew
1,2,117-3,1,2.83,0.072,14/10/24,0,2,2023,0,,Drew
1,1,117-3,1,2.516,0.073,14/10/24,0,2,2023,0,,Drew
4.5,2,117-5,1,0.424,0.055,14/10/24,0,2,2023,0,,Drew
4.5,1,117-5,1,0.45,0.083,14/10/24,0,2,2023,0,,Drew
1,2,117-5,1,2.314,0.049,14/10/24,0,2,2023,0,,Drew
1,1,117-5,1,2.34,0.05,14/10/24,0,2,2023,0,,Drew
4.5,2,118-10,1,1.984,0.264,15/10/24,0,1,2023,0,,Drew
4.5,1,118-10,1,1.058,0.283,15/10/24,0,1,2023,0,,Drew
1,2,118-10,1,3.033,0.263,15/10/24,0,1,2023,0,,Drew
1,1,118-10,1,2.999,0.264,15/10/24,0,1,2023,0,,Drew
4.5,1,118-3,1,0.655,0.14,14/10/24,0,2,2023,0,,Drew
4.5,2,118-3,1,1.062,0.217,14/10/24,0,2,2023,0,,Drew
1,2,118-3,1,3.242,0.128,14/10/24,0,2,2023,0,,Drew
1,1,118-3,1,3.079,0.162,14/10/24,0,2,2023,0,Both tubes are 15 g,Drew
4.5,2,118-5,1,0.67,0.056,11/10/24,0,2,2023,0,,Drew
4.5,1,118-5,1,0.721,0.059,11/10/24,0,2,2023,0,,Drew
1,1,118-5,1,3.862,0.065,11/10/24,0,2,2023,0,,Drew
1,2,118-5,1,3.62,0.124,11/10/24,0,2,2023,0,,Drew
4.5,2,119-10,1,0.234,0.092,15/10/24,0,1,2023,0,,Drew
4.5,1,119-10,1,0.235,0.094,15/10/24,0,1,2023,0,,Drew
1,1,119-10,1,0.795,0.095,15/10/24,0,1,2023,0,,Drew
1,2,119-10,1,0.804,0.114,15/10/24,0,1,2023,0,,Drew
4.5,2,119-16,1,0.778,0.085,15/10/24,0,2,2023,0,,Drew
4.5,1,119-16,1,0.842,0.102,15/10/24,0,2,2023,0,,Drew
1,2,119-16,1,3.798,0.057,15/10/24,0,2,2023,0,,Drew
1,1,119-16,1,3.937,0.061,15/10/24,0,2,2023,0,,Drew
4.5,1,119-3,1,0.629,0.07,14/10/24,0,2,2023,0,,Drew
4.5,2,119-3,1,0.68,0.103,14/10/24,0,2,2023,0,,Drew
1,1,119-3,1,3.886,0.053,14/10/24,0,2,2023,0,,Drew
1,2,119-3,1,3.637,0.096,14/10/24,0,2,2023,0,,Drew
4.5,2,119-5,1,0.453,0.068,11/10/24,0,2,2023,0,,Drew
4.5,1,119-5,1,0.455,0.078,11/10/24,0,2,2023,0,,Drew
1,1,119-5,1,2.487,0.071,11/10/24,0,2,2023,0,,Drew
1,2,119-5,1,2.625,0.097,11/10/24,0,2,2023,0,,Drew
4.5,2,106-16,1,0.169,0.034,17/10/24,0,2,2023,0,,"Drew, Ree"
4.5,1,106-16,1,0.217,0.062,17/10/24,0,2,2023,0,,"Drew, Ree"
1,1,106-16,1,0.981,0.044,17/10/24,0,2,2023,0,,"Drew, Ree"
1,2,106-16,1,0.932,0.048,17/10/24,0,2,2023,0,,"Drew, Ree"
4.5,2,106-7,1,0.196,0.077,17/10/24,20,1,2023,0,,"Drew, Ree"
4.5,1,106-7,1,0.295,0.11,17/10/24,20,1,2023,0,,"Drew, Ree"
1,1,106-7,1,0.597,0.046,17/10/24,20,1,2023,0,,"Drew, Ree"
1,2,106-7,1,0.612,0.059,17/10/24,20,1,2023,0,,"Drew, Ree"
4.5,2,107-16,1,0.219,0.127,17/10/24,0,2,2023,0,,"Drew, Ree"
4.5,1,107-16,1,0.23,0.14,17/10/24,0,2,2023,0,,"Drew, Ree"
1,1,107-16,1,0.248,0.113,17/10/24,0,2,2023,0,,"Drew, Ree"
1,2,107-16,1,0.272,0.115,17/10/24,0,2,2023,0,,"Drew, Ree"
4.5,2,108-10,1,0.119,0.065,17/10/24,20,1,2023,0,,"Drew, Ree"
4.5,1,108-10,1,0.151,0.086,17/10/24,20,1,2023,0,,"Drew, Ree"
1,2,108-10,1,0.143,0.064,17/10/24,20,1,2023,0,,"Drew, Ree"
1,1,108-10,1,0.169,0.087,17/10/24,20,1,2023,0,,"Drew, Ree"
4.5,1,109-7,1,0.182,0.048,17/10/24,20,1,2023,0,,"Drew, Ree"
4.5,2,109-7,1,0.164,0.05,17/10/24,20,1,2023,0,,"Drew, Ree"
1,2,109-7,1,0.785,0.044,17/10/24,20,1,2023,0,,"Drew, Ree"
1,1,109-7,1,0.912,0.062,17/10/24,20,1,2023,0,,"Drew, Ree"
4.5,1,110-13,1,0.246,0.061,17/10/24,20,1,2023,0,,"Drew, Ree"
4.5,2,110-13,1,0.218,0.076,17/10/24,20,1,2023,0,,"Drew, Ree"
1,2,110-13,1,1.084,0.074,17/10/24,20,1,2023,0,,"Drew, Ree"
1,1,110-13,1,1.456,0.111,17/10/24,20,1,2023,0,,"Drew, Ree"
4.5,2,111-10,1,0.32,0.105,17/10/24,20,1,2023,0,,"Drew, Ree"
4.5,1,111-10,1,0.391,0.153,17/10/24,20,1,2023,0,,"Drew, Ree"
1,1,111-10,1,1.517,0.108,17/10/24,20,1,2023,0,,"Drew, Ree"
1,2,111-10,1,1.723,0.127,17/10/24,20,1,2023,0,,"Drew, Ree"
4.5,2,111-16,1,0.137,0.082,17/10/24,20,2,2023,0,,"Drew, Ree"
4.5,1,111-16,1,0.552,0.498,17/10/24,20,2,2023,0,,"Drew, Ree"
1,2,111-16,1,0.116,0.064,17/10/24,20,2,2023,0,,"Drew, Ree"
1,1,111-16,1,0.2,0.119,17/10/24,20,2,2023,0,,"Drew, Ree"
4.5,1,112-16,0,0.057,0.009,17/10/24,20,2,2023,0,,"Drew, Ree"
1,1,112-16,0,1.575,0.063,17/10/24,20,2,2023,0,Only juice for 1 rep,"Drew, Ree"
4.5,1,114-10,1,0.448,0.128,17/10/24,0,1,2023,0,,"Drew, Ree"
4.5,2,114-10,1,0.535,0.163,17/10/24,0,1,2023,0,,"Drew, Ree"
1,2,114-10,1,1.729,0.107,17/10/24,0,1,2023,0,,"Drew, Ree"
1,1,114-10,1,2.385,0.171,17/10/24,0,1,2023,0,,"Drew, Ree"
4.5,2,114-16,1,0.903,0.168,17/10/24,0,2,2023,0,,"Drew, Ree"
4.5,1,114-16,1,0.921,0.201,17/10/24,0,2,2023,0,,"Drew, Ree"
1,1,114-16,1,3.534,0.154,17/10/24,0,2,2023,0,,"Drew, Ree"
1,2,114-16,1,3.795,0.17,17/10/24,0,2,2023,0,,"Drew, Ree"
4.5,1,114-7,1,0.928,0.217,17/10/24,20,1,2023,0,,"Drew, Ree"
4.5,2,114-7,1,1.242,0.308,17/10/24,20,1,2023,0,,"Drew, Ree"
1,2,114-7,1,2.939,0.15,17/10/24,20,1,2023,0,,"Drew, Ree"
1,1,114-7,1,3.705,0.221,17/10/24,20,1,2023,0,,"Drew, Ree"
4.5,1,116-7,1,0.278,0.085,17/10/24,20,1,2023,0,,"Drew, Ree"
4.5,2,116-7,1,0.336,0.11,17/10/24,20,1,2023,0,,"Drew, Ree"
1,1,116-7,1,1.04,0.075,17/10/24,20,1,2023,0,,"Drew, Ree"
1,2,116-7,1,1.17,0.075,17/10/24,20,1,2023,0,,"Drew, Ree"
4.5,1,117-1,1,0.273,0.076,17/10/24,20,2,2023,0,,"Drew, Ree"
4.5,2,117-1,1,0.254,0.079,17/10/24,20,2,2023,0,,"Drew, Ree"
1,1,117-1,1,1.345,0.083,17/10/24,20,2,2023,0,,"Drew, Ree"
1,2,117-1,1,1.407,0.109,17/10/24,20,2,2023,0,,"Drew, Ree"
4.5,1,118-16,1,0.425,0.073,17/10/24,0,2,2023,0,,"Drew, Ree"
4.5,2,118-16,1,0.465,0.076,17/10/24,0,2,2023,0,,"Drew, Ree"
1,2,118-16,1,2.978,0.08,17/10/24,0,2,2023,0,,"Drew, Ree"
1,1,118-16,1,2.996,0.7,17/10/24,0,2,2023,0,,"Drew, Ree"
4.5,1,107-7,1,0.374,0.105,19/10/24,20,1,2023,0,,Jessee
4.5,2,107-7,1,0.5,0.143,19/10/24,20,1,2023,0,,Jessee
1,1,107-7,1,1.09,0.09,19/10/24,20,1,2023,0,,Jessee
1,2,107-7,1,1.274,0.107,19/10/24,20,1,2023,0,,Jessee
4.5,2,108-7,1,0.293,0.164,19/10/24,20,1,2023,0,,Jessee
4.5,1,108-7,1,0.286,0.169,19/10/24,20,1,2023,0,,Jessee
1,1,108-7,1,0.432,0.189,19/10/24,20,1,2023,0,,Jessee
1,2,108-7,1,0.525,0.215,19/10/24,20,1,2023,0,,Jessee
4.5,2,108-9,1,0.37,0.186,19/10/24,20,1,2023,0,,Jessee
4.5,1,108-9,1,0.37,0.229,19/10/24,20,1,2023,0,,Jessee
1,1,108-9,1,0.427,0.226,19/10/24,20,1,2023,0,,Jessee
1,2,108-9,1,0.463,0.25,19/10/24,20,1,2023,0,,Jessee
4.5,1,114-9,1,0.506,0.138,19/10/24,20,1,2023,0,,Jessee
4.5,2,114-9,1,0.525,0.14,19/10/24,20,1,2023,0,,Jessee
1,2,114-9,1,2.354,0.125,19/10/24,20,1,2023,0,,Jessee
1,1,114-9,1,2.308,0.134,19/10/24,20,1,2023,0,,Jessee
4.5,2,117-7,1,0.439,0.164,19/10/24,20,1,2023,0,,Jessee
4.5,1,117-7,1,0.441,0.169,19/10/24,20,1,2023,0,,Jessee
1,2,117-7,1,1.71,0.138,19/10/24,20,1,2023,0,,Jessee
1,1,117-7,1,1.812,0.156,19/10/24,20,1,2023,0,,Jessee
4.5,1,117-9,1,0.279,0.14,19/10/24,20,1,2023,0,Barely any juice,Jessee
4.5,2,117-9,1,0.451,0.228,19/10/24,20,1,2023,0,Barely any juice,Jessee
1,1,117-9,1,1.372,0.206,19/10/24,20,1,2023,0,Barely any juice,Jessee
1,2,117-9,1,3.553,0.526,19/10/24,20,1,2023,0,Barely any juice,Jessee
4.5,2,1-20,1,0.297,0.113,01/11/24,20,1,2023,0,,
4.5,1,1-20,1,0.228,0.133,01/11/24,20,1,2023,0,,
4.5,2,1-20,1,0.243,0.134,30/10/24,20,1,2023,0,,
4.5,1,1-20,1,0.307,0.169,30/10/24,20,1,2023,0,,
1,2,1-20,1,0.371,0.126,30/10/24,20,1,2023,0,,
1,1,1-20,1,0.382,0.141,30/10/24,20,1,2023,0,,
1,2,1-20,1,0.252,0.153,01/11/24,20,1,2023,0,,
1,1,1-20,1,0.393,0.182,01/11/24,20,1,2023,0,,
4.5,1,1-28,1,0.554,0.132,29/10/24,20,1,2023,0,,
4.5,1,1-28,1,0.617,0.133,31/10/24,20,1,2023,0,,
4.5,2,1-28,1,0.677,0.148,29/10/24,20,1,2023,0,,
4.5,2,1-28,1,0.761,0.154,31/10/24,20,1,2023,0,,
1,1,1-28,1,1.931,0.109,31/10/24,20,1,2023,0,,
1,1,1-28,1,1.823,0.118,29/10/24,20,1,2023,0,,
1,2,1-28,1,2.203,0.135,29/10/24,20,1,2023,0,,
1,2,1-28,1,2.323,0.135,31/10/24,20,1,2023,0,,
4.5,1,3-27,1,0.217,0.091,31/10/24,20,1,2023,0,,
4.5,2,3-27,1,0.208,0.095,29/10/24,20,1,2023,0,,
4.5,2,3-27,1,0.248,0.111,31/10/24,20,1,2023,0,,
4.5,1,3-27,1,0.303,0.197,29/10/24,20,1,2023,0,,
1,1,3-27,1,0.498,0.095,31/10/24,20,1,2023,0,,
1,2,3-27,1,0.419,0.102,29/10/24,20,1,2023,0,,
1,2,3-27,1,0.497,0.108,31/10/24,20,1,2023,0,,
1,1,3-27,1,0.493,0.156,29/10/24,20,1,2023,0,,
4.5,2,5-27,1,0.224,0.12,30/10/24,20,1,2023,0,,
4.5,1,5-27,1,0.247,0.137,30/10/24,20,1,2023,0,,
4.5,2,5-27,1,0.41,0.21,30/10/24,20,1,2023,0,,
4.5,1,5-27,1,0.444,0.225,30/10/24,20,1,2023,0,,
1,2,5-27,1,0.31,0.116,30/10/24,20,1,2023,0,,
1,1,5-27,1,0.338,0.136,30/10/24,20,1,2023,0,,
1,2,5-27,1,0.71,0.189,30/10/24,20,1,2023,0,,
1,1,5-27,1,0.735,0.193,30/10/24,20,1,2023,0,,
4.5,2,5-28,1,0.322,0.144,31/10/24,20,1,2023,0,,
4.5,1,5-28,1,0.308,0.146,31/10/24,20,1,2023,0,,
4.5,2,5-28,1,0.292,0.162,29/10/24,20,1,2023,0,,
4.5,1,5-28,1,0.355,0.189,29/10/24,20,1,2023,0,,
1,2,5-28,1,0.668,0.14,31/10/24,20,1,2023,0,,
1,1,5-28,1,0.62,0.162,31/10/24,20,1,2023,0,,
1,2,5-28,1,0.519,0.166,29/10/24,20,1,2023,0,,
1,1,5-28,1,0.627,0.196,29/10/24,20,1,2023,0,,
4.5,1,12-25,1,0.382,0.225,28/10/24,20,1,2023,0,It was label as 13-25 but probably was a tipping mistake,
4.5,2,12-25,1,0.385,0.235,28/10/24,20,1,2023,0,It was label as 13-25 but probably was a tipping mistake,
1,1,12-25,1,0.465,0.212,28/10/24,20,1,2023,0,It was label as 13-25 but probably was a tipping mistake,
1,2,12-25,1,0.466,0.228,28/10/24,20,1,2023,0,It was label as 13-25 but probably was a tipping mistake,
4.5,2,109-8,1,0.734,0.156,28/10/24,20,1,2023,0,,
4.5,2,109-8,1,0.734,0.156,28/10/24,20,1,2023,0,,
4.5,1,109-8,1,0.788,0.16,28/10/24,20,1,2023,0,,
4.5,1,109-8,1,0.788,0.16,28/10/24,20,1,2023,0,,
1,1,109-8,1,2.857,0.153,28/10/24,20,1,2023,0,,
1,1,109-8,1,2.857,0.153,28/10/24,20,1,2023,0,,
1,2,109-8,1,2.888,0.169,28/10/24,20,1,2023,0,,
1,2,109-8,1,2.888,0.169,28/10/24,20,1,2023,0,,
4.5,1,112-6,1,1.053,0.196,29/10/24,20,1,2023,0,,
4.5,2,112-6,1,1.107,0.199,29/10/24,20,1,2023,0,,
4.5,2,112-6,1,0.439,0.269,30/10/24,20,1,2023,0,,
4.5,1,112-6,1,0.488,0.313,30/10/24,20,1,2023,0,,
1,1,112-6,1,3.656,0.204,29/10/24,20,1,2023,0,,
1,2,112-6,1,3.633,0.213,29/10/24,20,1,2023,0,,
1,2,112-6,1,0.495,0.236,30/10/24,20,1,2023,0,,
1,1,112-6,1,0.518,0.263,30/10/24,20,1,2023,0,,
4.5,2,117-9,1,0.874,0.284,28/10/24,20,1,2023,0,,
4.5,1,117-9,1,0.859,0.285,28/10/24,20,1,2023,0,,
1,2,117-9,1,2.143,0.272,28/10/24,20,1,2023,0,,
1,1,117-9,1,2.287,0.287,28/10/24,20,1,2023,0,,
4.5,2,13-25,1,0.532,0.149,24/10/24,20,1,2023,0,,
4.5,1,13-25,1,0.627,0.231,24/10/24,20,1,2023,0,,
1,2,13-25,1,1.531,0.137,24/10/24,20,1,2023,0,,
1,1,13-25,1,1.167,0.183,24/10/24,20,1,2023,0,,
4.5,1,15-25,1,0.315,0.191,24/10/24,20,1,2023,0,,
4.5,2,15-25,1,0.331,0.199,24/10/24,20,1,2023,0,,
4.5,1,15-25,1,0.782,0.29,28/10/24,20,1,2023,0,,
4.5,2,15-25,1,0.866,0.325,28/10/24,20,1,2023,0,,
1,1,15-25,1,0.356,0.172,24/10/24,20,1,2023,0,,
1,2,15-25,1,0.404,0.201,24/10/24,20,1,2023,0,,
1,1,15-25,1,2.264,0.253,28/10/24,20,1,2023,0,,
1,2,15-25,1,2.494,0.316,28/10/24,20,1,2023,0,,
4.5,1,1-21,1,0.519,0.182,01/11/24,20,1,2023,0,,
4.5,2,1-21,1,0.552,0.192,01/11/24,20,1,2023,0,,
1,1,1-21,1,1.338,0.168,01/11/24,20,1,2023,0,,
1,2,1-21,1,1.475,0.185,01/11/24,20,1,2023,0,,
4.5,1,2-20,1,0.334,0.17,31/10/24,20,1,2023,0,,
4.5,2,2-20,1,0.345,0.176,31/10/24,20,1,2023,0,,
1,1,2-20,1,0.555,0.138,31/10/24,20,1,2023,0,,
1,2,2-20,1,0.676,0.177,31/10/24,20,1,2023,0,,
4.5,1,2-22,1,0.238,0.096,01/11/24,20,1,2023,0,,
4.5,2,2-22,1,0.245,0.103,01/11/24,20,1,2023,0,,
1,1,2-22,1,0.789,0.089,01/11/24,20,1,2023,0,,
1,2,2-22,1,0.928,0.14,01/11/24,20,1,2023,0,,
4.5,2,2-23,1,0.3,0.107,01/11/24,20,1,2023,0,,
4.5,1,2-23,1,0.361,0.148,01/11/24,20,1,2023,0,,
1,1,2-23,1,1.208,0.099,01/11/24,20,1,2023,0,,
1,2,2-23,1,1.261,0.119,01/11/24,20,1,2023,0,,
4.5,1,2-26,0,0.245,0.108,31/10/24,20,1,2023,0,Could be 2-27?,
4.5,2,2-26,0,0.248,0.118,31/10/24,20,1,2023,0,Could be 2-27?,
1,1,2-26,0,0.509,0.102,31/10/24,20,1,2023,0,Could be 2-27?,
1,2,2-26,0,0.468,0.117,31/10/24,20,1,2023,0,Could be 2-27?,
4.5,2,2-28,1,0.233,0.11,29/10/24,20,1,2023,0,,
4.5,1,2-28,1,0.25,0.122,29/10/24,20,1,2023,0,,
1,2,2-28,1,0.438,0.1,29/10/24,20,1,2023,0,,
1,1,2-28,1,0.474,0.12,29/10/24,20,1,2023,0,,
4.5,2,3-20,1,0.362,0.131,01/11/24,20,1,2023,0,,
4.5,1,3-20,1,0.362,0.135,01/11/24,20,1,2023,0,,
1,1,3-20,1,0.788,0.097,01/11/24,20,1,2023,0,,
1,2,3-20,1,0.802,0.113,01/11/24,20,1,2023,0,,
4.5,2,3-25,1,0.245,0.162,28/10/24,20,1,2023,0,Buffer error,
4.5,1,3-25,1,0.258,0.171,28/10/24,20,1,2023,0,Buffer error,
1,1,3-25,1,0.231,0.138,28/10/24,20,1,2023,0,Buffer error,
1,2,3-25,1,0.243,0.147,28/10/24,20,1,2023,0,Buffer error,
4.5,2,3-28,1,0.185,0.115,30/10/24,20,1,2023,0,,
4.5,1,3-28,1,0.195,0.121,30/10/24,20,1,2023,0,,
1,2,3-28,1,0.195,0.109,30/10/24,20,1,2023,0,,
1,1,3-28,1,0.191,0.11,30/10/24,20,1,2023,0,,
4.5,2,4-20,1,0.323,0.194,30/10/24,20,1,2023,0,,
4.5,1,4-20,1,0.357,0.217,30/10/24,20,1,2023,0,,
1,2,4-20,1,0.396,0.183,30/10/24,20,1,2023,0,,
1,1,4-20,1,0.437,0.211,30/10/24,20,1,2023,0,,
4.5,1,4-24,1,0.297,0.099,01/11/24,20,1,2023,0,,
4.5,2,4-24,1,0.388,0.121,01/11/24,20,1,2023,0,,
1,1,4-24,1,0.838,0.101,01/11/24,20,1,2023,0,,
1,2,4-24,1,0.949,0.117,01/11/24,20,1,2023,0,,
4.5,2,4-26,1,0.502,0.14,24/10/24,20,1,2023,0,,
4.5,1,4-26,1,0.49,0.156,24/10/24,20,1,2023,0,,
1,2,4-26,1,1.456,0.128,24/10/24,20,1,2023,0,,
1,1,4-26,1,1.326,0.142,24/10/24,20,1,2023,0,,
4.5,1,4-27,1,0.092,0.043,01/11/24,20,1,2023,0,,
4.5,2,4-27,1,-,-,01/11/24,20,1,2023,0,,
1,1,4-27,1,0.226,0.144,01/11/24,20,1,2023,0,Only enough berries for 1 rep,
1,2,4-27,1,-,-,01/11/24,20,1,2023,0,,
4.5,2,6-20,1,0.398,0.16,30/10/24,20,1,2023,0,,
4.5,1,6-20,1,0.407,0.16,30/10/24,20,1,2023,0,,
1,2,6-20,1,1.102,0.181,30/10/24,20,1,2023,0,,
1,1,6-20,1,1.105,0.185,30/10/24,20,1,2023,0,,
4.5,1,6-25,1,0.86,0.273,24/10/24,20,1,2023,0,,
4.5,2,6-25,1,0.951,0.296,24/10/24,20,1,2023,0,,
1,2,6-25,1,2.959,0.251,24/10/24,20,1,2023,0,,
1,1,6-25,1,3.07,0.267,24/10/24,20,1,2023,0,,
4.5,2,6-26,1,0.379,0.192,24/10/24,20,1,2023,0,,
4.5,1,6-26,1,0.419,0.215,24/10/24,20,1,2023,0,,
1,2,6-26,1,0.634,0.172,24/10/24,20,1,2023,0,,
1,1,6-26,1,0.694,0.184,24/10/24,20,1,2023,0,,
4.5,2,6-27,1,0.422,0.133,30/10/24,20,1,2023,0,,
4.5,1,6-27,1,1.438,0.143,30/10/24,20,1,2023,0,Buffer error,
1,1,6-27,1,1.399,0.137,30/10/24,20,1,2023,0,Buffer error,
1,2,6-27,1,1.33,0.119,30/10/24,20,1,2023,0,,
4.5,2,6-28,1,0.338,0.217,30/10/24,20,1,2023,0,Buffer error,
4.5,1,6-28,1,0.351,0.236,30/10/24,20,1,2023,0,Buffer error,
1,2,6-28,1,0.361,0.193,30/10/24,20,1,2023,0,Buffer error,
1,1,6-28,1,0.347,0.196,30/10/24,20,1,2023,0,Buffer error,
4.5,1,7-24,1,0.228,0.079,01/11/24,20,1,2023,0,,
4.5,2,7-24,1,0.264,0.104,01/11/24,20,1,2023,0,,
1,2,7-24,1,0.892,0.084,01/11/24,20,1,2023,0,,
1,1,7-24,1,0.935,0.107,01/11/24,20,1,2023,0,,
4.5,2,7-28,1,0.317,0.114,29/10/24,20,1,2023,0,,
4.5,1,7-28,1,0.354,0.127,29/10/24,20,1,2023,0,,
1,2,7-28,1,0.839,0.114,29/10/24,20,1,2023,0,,
1,1,7-28,1,0.921,0.126,29/10/24,20,1,2023,0,,
4.5,1,8-20,1,0.337,0.107,30/10/24,20,1,2023,0,,
4.5,2,8-20,1,0.404,0.115,30/10/24,20,1,2023,0,,
1,2,8-20,1,1.288,0.098,30/10/24,20,1,2023,0,,
1,1,8-20,1,1.305,0.115,30/10/24,20,1,2023,0,,
4.5,2,8-25,1,0.688,0.247,24/10/24,20,1,2023,0,,
4.5,1,8-25,1,0.837,0.294,24/10/24,20,1,2023,0,,
1,2,8-25,1,1.621,0.195,24/10/24,20,1,2023,0,,
1,1,8-25,1,1.79,0.22,24/10/24,20,1,2023,0,,
4.5,1,8-26,1,0.489,0.152,24/10/24,20,1,2023,0,,
4.5,2,8-26,1,0.546,0.16,24/10/24,20,1,2023,0,,
1,1,8-26,1,1.592,0.156,24/10/24,20,1,2023,0,,
1,2,8-26,1,1.638,0.156,24/10/24,20,1,2023,0,,
4.5,2,9-24,1,0.245,0.106,01/11/24,20,1,2023,0,,
4.5,1,9-24,1,0.325,0.117,01/11/24,20,1,2023,0,,
1,1,9-24,1,1.273,0.089,01/11/24,20,1,2023,0,,
1,2,9-24,1,1.128,0.109,01/11/24,20,1,2023,0,,
4.5,2,9-27,1,0.327,0.115,30/10/24,20,1,2023,0,,
4.5,1,9-27,1,0.339,0.122,30/10/24,20,1,2023,0,,
1,2,9-27,1,0.886,0.117,30/10/24,20,1,2023,0,,
1,1,9-27,1,0.935,0.117,30/10/24,20,1,2023,0,,
4.5,1,10-20,1,0.827,0.235,31/10/24,20,1,2023,0,,
4.5,2,10-20,1,0.962,0.273,31/10/24,20,1,2023,0,,
1,1,10-20,1,2.459,0.222,31/10/24,20,1,2023,0,,
1,2,10-20,1,2.387,0.242,31/10/24,20,1,2023,0,,
4.5,2,10-25,1,0.906,0.273,24/10/24,20,1,2023,0,,
4.5,1,10-25,1,1.104,0.457,24/10/24,20,1,2023,0,,
1,1,10-25,1,2.337,0.226,24/10/24,20,1,2023,0,,
1,2,10-25,1,2.398,0.251,24/10/24,20,1,2023,0,,
4.5,1,10-26,1,0.244,0.142,24/10/24,20,1,2023,0,,
4.5,2,10-26,1,0.27,0.158,24/10/24,20,1,2023,0,,
1,1,10-26,1,0.293,0.133,24/10/24,20,1,2023,0,,
1,2,10-26,1,0.297,0.143,24/10/24,20,1,2023,0,,
4.5,2,11-20,1,1.04,0.187,01/11/24,20,1,2023,0,,
4.5,1,11-20,1,0.94,0.192,01/11/24,20,1,2023,0,,
1,1,11-20,1,2.924,0.157,01/11/24,20,1,2023,0,,
1,2,11-20,1,2.903,0.222,01/11/24,20,1,2023,0,,
4.5,2,11-25,1,0.212,0.077,24/10/24,20,1,2023,0,,
4.5,1,11-25,1,0.216,0.086,24/10/24,20,1,2023,0,,
1,1,11-25,1,0.787,0.084,24/10/24,20,1,2023,0,,
1,2,11-25,1,0.896,0.098,24/10/24,20,1,2023,0,,
4.5,2,11-27,1,0.27,0.165,29/10/24,20,1,2023,0,,
1,2,11-27,1,0.221,0.137,29/10/24,20,1,2023,0,,
4.5,1,11-27,1,-,-,29/10/24,20,1,2023,0,Not enough berries for 2 reps,
1,1,11-27,1,-,-,29/10/24,20,1,2023,0,Not enough berries for 2 reps,
4.5,1,11-28,1,0.334,0.217,30/10/24,20,1,2023,0,,
4.5,2,11-28,1,0.342,0.22,30/10/24,20,1,2023,0,,
1,1,11-28,1,0.332,0.203,30/10/24,20,1,2023,0,,
1,2,11-28,1,0.333,0.205,30/10/24,20,1,2023,0,,
4.5,1,12-20,1,0.934,0.367,30/10/24,20,1,2023,0,,
4.5,2,12-20,1,0.95,0.381,30/10/24,20,1,2023,0,,
1,1,12-20,1,2.176,0.286,30/10/24,20,1,2023,0,,
1,2,12-20,1,2.344,0.333,30/10/24,20,1,2023,0,,
4.5,2,12-21,1,0.277,0.104,01/11/24,20,1,2023,0,,
4.5,1,12-21,1,0.277,0.112,01/11/24,20,1,2023,0,,
1,1,12-21,1,0.964,0.083,01/11/24,20,1,2023,0,,
1,2,12-21,1,1.132,0.101,01/11/24,20,1,2023,0,,
4.5,1,12-26,1,0.783,0.272,24/10/24,20,1,2023,0,,
4.5,2,12-26,1,0.895,0.333,24/10/24,20,1,2023,0,,
1,1,12-26,1,1.724,0.213,24/10/24,20,1,2023,0,,
1,2,12-26,1,2.085,0.333,24/10/24,20,1,2023,0,,
4.5,2,12-27,1,0.26,0.161,31/10/24,20,1,2023,0,,
4.5,1,12-27,1,0.316,0.193,31/10/24,20,1,2023,0,,
1,2,12-27,1,0.386,0.166,31/10/24,20,1,2023,0,,
1,1,12-27,1,0.416,0.188,31/10/24,20,1,2023,0,,
4.5,2,106-13,1,0.584,0.135,24/10/24,20,1,2023,0,,
4.5,1,106-13,1,0.56,0.138,24/10/24,20,1,2023,0,,
1,1,106-13,1,2.7,0.121,24/10/24,20,1,2023,0,,
1,2,106-13,1,2.698,0.146,24/10/24,20,1,2023,0,,
4.5,2,106-19,1,0.529,0.193,29/10/24,20,1,2023,0,,
4.5,1,106-19,1,0.558,0.198,29/10/24,20,1,2023,0,,
1,1,106-19,1,1.587,0.198,29/10/24,20,1,2023,0,,
1,2,106-19,1,1.431,0.199,29/10/24,20,1,2023,0,,
4.5,1,106-3,1,1.184,0.302,24/10/24,20,1,2023,0,,
4.5,2,106-3,1,1.088,0.312,24/10/24,20,1,2023,0,,
1,1,106-3,1,3.122,0.3,24/10/24,20,1,2023,0,,
1,2,106-3,1,3.061,0.322,24/10/24,20,1,2023,0,,
4.5,1,106-6,1,0.537,0.211,29/10/24,20,1,2023,0,,
4.5,2,106-6,1,0.544,0.243,29/10/24,20,1,2023,0,,
1,1,106-6,1,1.362,0.2025,29/10/24,20,1,2023,0,,
1,2,106-6,1,1.218,0.228,29/10/24,20,1,2023,0,,
4.5,2,106-8,1,0.219,0.104,24/10/24,20,1,2023,0,,
4.5,1,106-8,1,0.22,0.106,24/10/24,20,1,2023,0,,
1,1,106-8,1,0.38,0.077,24/10/24,20,1,2023,0,,
1,2,106-8,1,0.383,0.098,24/10/24,20,1,2023,0,,
4.5,2,107-6,1,1.05,0.191,28/10/24,20,1,2023,0,,
4.5,1,107-6,1,1.008,0.195,28/10/24,20,1,2023,0,,
1,1,107-6,1,3.434,0.199,28/10/24,20,1,2023,0,,
1,2,107-6,1,3.837,0.202,28/10/24,20,1,2023,0,,
4.5,2,107-8,1,0.541,0.135,24/10/24,20,1,2023,0,,
4.5,1,107-8,1,0.728,0.184,24/10/24,20,1,2023,0,,
1,1,107-8,1,2.368,0.108,24/10/24,20,1,2023,0,,
1,2,107-8,1,2.317,0.115,24/10/24,20,1,2023,0,,
4.5,2,108-13,1,0.184,0.108,24/10/24,20,1,2023,0,,
4.5,1,108-13,1,0.182,0.111,24/10/24,20,1,2023,0,,
1,1,108-13,1,0.22,0.106,24/10/24,20,1,2023,0,,
1,2,108-13,1,0.251,0.126,24/10/24,20,1,2023,0,,
4.5,1,108-19,1,0.661,0.178,28/10/24,20,1,2023,0,,
4.5,2,108-19,1,0.711,0.215,28/10/24,20,1,2023,0,,
1,2,108-19,1,1.772,0.151,28/10/24,20,1,2023,0,,
1,1,108-19,1,2.133,0.166,28/10/24,20,1,2023,0,,
4.5,2,108-6,1,0.551,0.35,29/10/24,20,1,2023,0,,
4.5,1,108-6,1,0.598,0.377,29/10/24,20,1,2023,0,,
1,2,108-6,1,0.7,0.34,29/10/24,20,1,2023,0,,
1,1,108-6,1,0.735,0.34,29/10/24,20,1,2023,0,,
4.5,2,108-8,1,0.305,0.162,24/10/24,20,1,2023,0,,
4.5,1,108-8,1,0.316,0.17,24/10/24,20,1,2023,0,,
1,1,108-8,1,0.375,0.134,24/10/24,20,1,2023,0,,
1,2,108-8,1,0.407,0.149,24/10/24,20,1,2023,0,,
4.5,1,109-19,1,0.246,0.072,24/10/24,20,1,2023,0,,
4.5,2,109-19,1,0.277,0.089,24/10/24,20,1,2023,0,,
1,2,109-19,1,1.191,0.083,24/10/24,20,1,2023,0,,
1,1,109-19,1,1.222,0.11,24/10/24,20,1,2023,0,,
4.5,2,109-6,1,1.896,0.082,29/10/24,20,1,2023,0,,
4.5,1,109-6,1,2.095,0.443,29/10/24,20,1,2023,0,,
1,2,109-6,1,1.891,0.071,29/10/24,20,1,2023,0,,
1,1,109-6,1,1.346,0.182,29/10/24,20,1,2023,0,,
4.5,1,109-9,1,0.451,0.131,24/10/24,20,1,2023,0,,
4.5,2,109-9,1,0.492,0.141,24/10/24,20,1,2023,0,,
1,1,109-9,1,1.605,0.148,24/10/24,20,1,2023,0,,
1,2,109-9,1,1.364,0.154,24/10/24,20,1,2023,0,,
4.5,1,110-19,1,0.737,0.206,28/10/24,20,1,2023,0,,
4.5,2,110-19,1,0.783,0.213,28/10/24,20,1,2023,0,,
1,2,110-19,1,2.329,0.193,28/10/24,20,1,2023,0,,
1,1,110-19,1,2.88,0.224,28/10/24,20,1,2023,0,,
4.5,2,110-6,1,0.777,0.292,29/10/24,20,1,2023,0,,
4.5,1,110-6,1,0.751,0.3,29/10/24,20,1,2023,0,,
1,2,110-6,1,1.962,0.235,29/10/24,20,1,2023,0,,
1,1,110-6,1,2.004,0.271,29/10/24,20,1,2023,0,,
4.5,1,110-8,1,0.853,0.181,28/10/24,20,1,2023,0,,
4.5,2,110-8,1,0.824,0.182,28/10/24,20,1,2023,0,,
1,2,110-8,1,2.376,0.157,28/10/24,20,1,2023,0,,
1,1,110-8,1,2.503,0.157,28/10/24,20,1,2023,0,,
4.5,2,111-13,1,0.313,0.105,24/10/24,20,1,2023,0,,
4.5,1,111-13,1,0.324,0.108,24/10/24,20,1,2023,0,,
1,1,111-13,1,1.292,0.108,24/10/24,20,1,2023,0,,
1,2,111-13,1,1.257,0.124,24/10/24,20,1,2023,0,,
4.5,1,111-19,1,0.702,0.223,28/10/24,20,1,2023,0,"Changed the Rep number, this was Rep 2 but because the rep 2, ph 4.5 was spilled, we are going to use this as rep1, ph 4.5",
4.5,2,111-19,1,NA,NA,28/10/24,20,1,2023,0,Spilled,
1,1,111-19,1,2.105,0.247,28/10/24,20,1,2023,0,,
1,2,111-19,1,NA,NA,28/10/24,20,1,2023,0,Spilled,
4.5,1,111-3,1,0.843,0.245,24/10/24,20,1,2023,0,,
4.5,2,111-3,1,0.875,0.254,24/10/24,20,1,2023,0,,
1,1,111-3,1,2.64,0.2,24/10/24,20,1,2023,0,,
1,2,111-3,1,3.035,0.251,24/10/24,20,1,2023,0,,
4.5,1,111-6,1,0.64,0.123,29/10/24,20,1,2023,0,,
4.5,2,111-6,1,NA,NA,29/10/24,20,1,2023,0,,
1,1,111-6,1,2.55,0.112,29/10/24,20,1,2023,0,,
1,2,111-6,1,NA,NA,29/10/24,20,1,2023,0,,
4.5,2,111-8,1,0.276,0.067,24/10/24,20,1,2023,0,,
4.5,1,111-8,1,0.289,0.07,24/10/24,20,1,2023,0,,
1,2,111-8,1,1.338,0.061,24/10/24,20,1,2023,0,,
1,1,111-8,1,1.345,0.068,24/10/24,20,1,2023,0,,
4.5,1,112-13,1,0.345,0.103,24/10/24,20,1,2023,0,,
4.5,2,112-13,1,0.375,0.125,24/10/24,20,1,2023,0,,
1,2,112-13,1,1.431,0.096,24/10/24,20,1,2023,0,,
1,1,112-13,1,1.405,0.103,24/10/24,20,1,2023,0,,
4.5,1,112-19,1,0.504,0.157,28/10/24,20,1,2023,0,,
4.5,2,112-19,1,0.509,0.287,28/10/24,20,1,2023,0,,
1,2,112-19,1,1.608,0.152,28/10/24,20,1,2023,0,,
1,1,112-19,1,1.586,0.154,28/10/24,20,1,2023,0,,
4.5,1,112-8,1,1.196,0.381,28/10/24,20,1,2023,0,,
4.5,2,112-8,1,1.311,0.425,28/10/24,20,1,2023,0,,
1,1,112-8,1,2.922,0.339,28/10/24,20,1,2023,0,,
1,2,112-8,1,3.223,0.383,28/10/24,20,1,2023,0,,
4.5,1,113-13,1,0.621,0.164,24/10/24,20,1,2023,0,,
4.5,2,113-13,1,0.652,0.171,24/10/24,20,1,2023,0,,
1,1,113-13,1,2.681,0.152,24/10/24,20,1,2023,0,,
1,2,113-13,1,2.743,0.162,24/10/24,20,1,2023,0,,
4.5,1,113-19,1,0.827,0.151,28/10/24,20,1,2023,0,It was originally labeled as 113-14. But Jesse found the 113-14 on Nov/6,
4.5,2,113-19,1,1.199,0.187,28/10/24,20,1,2023,0,It was originally labeled as 113-14. But Jesse found the 113-14 on Nov/6,
1,2,113-19,1,3.801,0.162,28/10/24,20,1,2023,0,It was originally labeled as 113-14. But Jesse found the 113-14 on Nov/6,
1,1,113-19,1,4.419,0.166,28/10/24,20,1,2023,0,It was originally labeled as 113-14. But Jesse found the 113-14 on Nov/6,
4.5,1,113-6,1,0.526,0.252,29/10/24,20,1,2023,0,,
1,1,113-6,1,1.847,0.125,29/10/24,20,1,2023,0,,
4.5,2,113-6,1,1.833,0.244,29/10/24,20,1,2023,0,Buffer error,
1,2,113-6,1,1.597,0.226,29/10/24,20,1,2023,0,Buffer error,
4.5,2,113-8,1,0.287,0.115,24/10/24,20,1,2023,0,,
4.5,1,113-8,1,0.323,0.136,24/10/24,20,1,2023,0,,
1,1,113-8,1,0.917,0.106,24/10/24,20,1,2023,0,,
1,2,113-8,1,0.957,0.117,24/10/24,20,1,2023,0,,
4.5,1,114-13,1,0.452,0.17,24/10/24,20,1,2023,0,,
4.5,2,114-13,1,0.792,0.301,24/10/24,20,1,2023,0,,
1,1,114-13,1,1.059,0.08,24/10/24,20,1,2023,0,,
1,2,114-13,1,2.317,0.187,24/10/24,20,1,2023,0,,
4.5,1,114-19,1,0.961,0.299,29/10/24,20,1,2023,0,,
4.5,2,114-19,1,1.001,0.318,29/10/24,20,1,2023,0,,
1,2,114-19,1,3.323,0.26,29/10/24,20,1,2023,0,,
1,1,114-19,1,2.52,0.282,29/10/24,20,1,2023,0,,
4.5,2,114-6,1,1.04,0.185,28/10/24,20,1,2023,0,,
4.5,1,114-6,1,0.849,0.193,28/10/24,20,1,2023,0,,
1,2,114-6,1,3.632,0.188,28/10/24,20,1,2023,0,,
1,1,114-6,1,3.918,0.217,28/10/24,20,1,2023,0,,
4.5,2,114-8,1,0.807,0.16,24/10/24,20,1,2023,0,,
4.5,1,114-8,1,0.851,0.164,24/10/24,20,1,2023,0,,
1,1,114-8,1,3.471,0.115,24/10/24,20,1,2023,0,,
1,2,114-8,1,3.383,0.127,24/10/24,20,1,2023,0,,
4.5,2,115-13,1,0.578,0.225,24/10/24,20,1,2023,0,,
4.5,1,115-13,1,0.596,0.228,24/10/24,20,1,2023,0,,
1,2,115-13,1,1.894,0.198,24/10/24,20,1,2023,0,,
1,1,115-13,1,1.954,0.212,24/10/24,20,1,2023,0,,
4.5,2,115-19,1,1.888,0.337,28/10/24,20,1,2023,0,,
4.5,1,115-19,1,1.558,0.34,28/10/24,20,1,2023,0,,
1,2,115-19,1,5,0.285,28/10/24,20,1,2023,0,,
1,1,115-19,1,4.834,0.308,28/10/24,20,1,2023,0,,
4.5,1,115-6,1,0.688,0.105,29/10/24,20,1,2023,0,,
4.5,2,115-6,1,-,-,29/10/24,20,1,2023,0,No juice produced for rep 2,
1,1,115-6,1,2.902,0.101,29/10/24,20,1,2023,0,,
1,2,115-6,1,-,-,29/10/24,20,1,2023,0,No juice produced for rep 2,
4.5,2,115-8,1,0.872,0.215,28/10/24,20,1,2023,0,,
4.5,1,115-8,1,0.845,0.227,28/10/24,20,1,2023,0,,
1,2,115-8,1,2.512,0.182,28/10/24,20,1,2023,0,,
1,1,115-8,1,2.579,0.188,28/10/24,20,1,2023,0,,
4.5,1,115-9,1,0.799,0.219,24/10/24,20,1,2023,0,,
4.5,2,115-9,1,0.894,0.295,24/10/24,20,1,2023,0,,
1,1,115-9,1,2.427,0.188,24/10/24,20,1,2023,0,,
1,2,115-9,1,2.27,0.404,24/10/24,20,1,2023,0,,
4.5,2,116-1,1,1.331,0.185,28/10/24,20,1,2023,0,,
4.5,1,116-1,1,1.56,0.219,28/10/24,20,1,2023,0,,
1,2,116-1,1,5,0.175,28/10/24,20,1,2023,0,,
1,1,116-1,1,5,0.205,28/10/24,20,1,2023,0,,
4.5,2,116-13,1,0.687,0.182,24/10/24,20,1,2023,0,,
4.5,1,116-13,1,0.626,0.195,24/10/24,20,1,2023,0,,
1,1,116-13,1,2.497,0.175,24/10/24,20,1,2023,0,,
1,2,116-13,1,2.894,0.193,24/10/24,20,1,2023,0,,
4.5,2,116-19,1,0.267,0.269,28/10/24,20,1,2023,0,,
4.5,1,116-19,1,0.648,0.296,28/10/24,20,1,2023,0,,
1,1,116-19,1,1.307,0.25,28/10/24,20,1,2023,0,,
1,2,116-19,1,1.431,0.265,28/10/24,20,1,2023,0,,
4.5,2,116-6,1,0.546,0.121,28/10/24,20,1,2023,0,,
4.5,1,116-6,1,0.647,0.154,28/10/24,20,1,2023,0,,
1,2,116-6,1,1.884,0.116,28/10/24,20,1,2023,0,,
1,1,116-6,1,1.964,0.138,28/10/24,20,1,2023,0,,
4.5,2,116-8,1,0.387,0.123,24/10/24,20,1,2023,0,,
4.5,1,116-8,1,0.414,0.15,24/10/24,20,1,2023,0,,
1,2,116-8,1,1.07,0.102,24/10/24,20,1,2023,0,,
1,1,116-8,1,1.171,0.146,24/10/24,20,1,2023,0,,
4.5,2,117-13,1,0.53,0.135,24/10/24,20,1,2023,0,,
4.5,1,117-13,1,0.55,0.137,24/10/24,20,1,2023,0,,
1,2,117-13,1,2.381,0.126,24/10/24,20,1,2023,0,,
1,1,117-13,1,2.463,0.127,24/10/24,20,1,2023,0,,
4.5,2,117-6,1,-,-,29/10/24,20,1,2023,0,,
4.5,1,117-6,1,-,-,29/10/24,20,1,2023,0,,
1,2,117-6,1,-,-,29/10/24,20,1,2023,0,,
1,1,117-6,1,-,-,29/10/24,20,1,2023,0,,
4.5,2,117-8,1,0.355,0.163,24/10/24,20,1,2023,0,,
4.5,1,117-8,1,0.405,0.185,24/10/24,20,1,2023,0,,
1,1,117-8,1,1.096,0.171,24/10/24,20,1,2023,0,,
1,2,117-8,1,0.977,0.174,24/10/24,20,1,2023,0,,
4.5,1,118-11,0,0.366,0.073,19/10/24,20,1,2023,0,Could be 113-11?,
4.5,2,118-11,0,0.488,0.078,19/10/24,20,1,2023,0,Could be 113-11?,
1,1,118-11,0,2.194,0.044,19/10/24,20,1,2023,0,Could be 113-11?,
1,2,118-11,0,2.668,0.048,19/10/24,20,1,2023,0,Could be 113-11?,
4.5,2,118-13,1,0.646,0.24,24/10/24,20,1,2023,0,,
4.5,1,118-13,1,0.669,0.264,24/10/24,20,1,2023,0,,
1,1,118-13,1,2.293,0.191,24/10/24,20,1,2023,0,,
1,2,118-13,1,2.378,0.237,24/10/24,20,1,2023,0,,
4.5,2,118-18,1,0.299,0.124,24/10/24,20,1,2023,0,,
4.5,1,118-18,1,0.574,0.193,24/10/24,20,1,2023,0,,
1,2,118-18,1,1.578,0.095,24/10/24,20,1,2023,0,,
1,1,118-18,1,2.275,0.162,24/10/24,20,1,2023,0,,
4.5,1,118-6,1,0.585,0.09,29/10/24,20,1,2023,0,,
4.5,2,118-6,1,0.543,0.163,29/10/24,20,1,2023,0,,
1,2,118-6,1,2.078,0.111,29/10/24,20,1,2023,0,,
1,1,118-6,1,2.24,0.216,29/10/24,20,1,2023,0,,
4.5,2,118-8,1,0.323,0.13,24/10/24,20,1,2023,0,,
4.5,1,118-8,1,0.459,0.177,24/10/24,20,1,2023,0,,
1,2,118-8,1,0.847,0.134,24/10/24,20,1,2023,0,,
1,1,118-8,1,0.928,0.168,24/10/24,20,1,2023,0,,
4.5,1,118-9,1,0.694,0.263,24/10/24,20,1,2023,0,,
4.5,2,118-9,1,0.814,0.328,24/10/24,20,1,2023,0,,
1,1,118-9,1,1.649,0.258,24/10/24,20,1,2023,0,,
1,2,118-9,1,1.856,0.278,24/10/24,20,1,2023,0,,
4.5,1,119-13,1,0.59,0.276,24/10/24,20,1,2023,0,,
4.5,2,119-13,1,0.62,0.302,24/10/24,20,1,2023,0,,
1,2,119-13,1,1.393,0.23,24/10/24,20,1,2023,0,,
1,1,119-13,1,1.429,0.234,24/10/24,20,1,2023,0,,
4.5,1,119-19,1,1.051,0.313,28/10/24,20,1,2023,0,,
4.5,2,119-19,1,-,-,28/10/24,20,1,2023,0,,
1,1,119-19,1,2.845,0.209,28/10/24,20,1,2023,0,,
1,2,119-19,1,-,-,28/10/24,20,1,2023,0,,
4.5,1,119-6,1,1.011,0.184,29/10/24,20,1,2023,0,,
4.5,2,119-6,1,0.991,0.203,29/10/24,20,1,2023,0,,
1,2,119-6,1,3.612,0.217,29/10/24,20,1,2023,0,,
1,1,119-6,1,3.267,0.22,29/10/24,20,1,2023,0,,
4.5,1,119-8,1,0.967,0.133,24/10/24,20,1,2023,0,,
4.5,2,119-8,1,1.115,0.156,24/10/24,20,1,2023,0,,
1,1,119-8,1,3.464,0.105,24/10/24,20,1,2023,0,,
1,2,119-8,1,3.91,0.145,24/10/24,20,1,2023,0,,
4.5,2,13-20,1,0.333,0.172,30/10/24,20,1,2023,0,,
4.5,1,13-20,1,0.382,0.195,30/10/24,20,1,2023,0,,
1,2,13-20,1,0.738,0.18,30/10/24,20,1,2023,0,,
1,1,13-20,1,0.74,0.189,30/10/24,20,1,2023,0,,
4.5,1,14-22,1,0.336,0.11,01/11/24,20,1,2023,0,,
4.5,2,14-22,1,0.376,0.124,01/11/24,20,1,2023,0,,
1,1,14-22,1,1.452,0.107,01/11/24,20,1,2023,0,,
1,2,14-22,1,1.493,0.133,01/11/24,20,1,2023,0,,
4.5,2,14-25,1,0.48,0.298,24/10/24,20,1,2023,0,,
4.5,1,14-25,1,0.687,0.463,24/10/24,20,1,2023,0,,
1,2,14-25,1,0.55,0.289,24/10/24,20,1,2023,0,,
1,1,14-25,1,0.749,0.435,24/10/24,20,1,2023,0,,
4.5,1,14-26,1,0.463,0.127,24/10/24,20,1,2023,0,,
4.5,2,14-26,1,0.485,0.144,24/10/24,20,1,2023,0,,
1,1,14-26,1,1.424,0.112,24/10/24,20,1,2023,0,,
1,2,14-26,1,1.595,0.163,24/10/24,20,1,2023,0,,
4.5,2,15-20,1,0.621,0.341,01/11/24,20,1,2023,0,,
4.5,1,15-20,1,0.683,0.382,01/11/24,20,1,2023,0,,
1,2,15-20,1,0.866,0.293,01/11/24,20,1,2023,0,,
1,1,15-20,1,1.172,0.43,01/11/24,20,1,2023,0,,
4.5,2,15-23,1,0.372,0.132,01/11/24,20,1,2023,0,,
4.5,1,15-23,1,0.473,0.164,01/11/24,20,1,2023,0,,
1,2,15-23,1,1.03,0.129,01/11/24,20,1,2023,0,,
1,1,15-23,1,1.294,0.142,01/11/24,20,1,2023,0,,
4.5,2,15-26,1,0.205,0.129,01/11/24,20,1,2023,0,,
4.5,1,15-26,1,0.246,0.158,01/11/24,20,1,2023,0,,
1,2,15-26,1,0.216,0.12,01/11/24,20,1,2023,0,,
1,1,15-26,1,0.261,0.156,01/11/24,20,1,2023,0,,
4.5,1,15-27,1,0.18,0.105,30/10/24,20,1,2023,0,,
4.5,2,15-27,1,0.206,0.126,30/10/24,20,1,2023,0,,
1,1,15-27,1,0.174,0.097,30/10/24,20,1,2023,0,,
1,2,15-27,1,0.216,0.129,30/10/24,20,1,2023,0,,
4.5,2,16-20,1,0.819,0.226,31/10/24,20,1,2023,0,,
4.5,1,16-20,1,1.037,0.246,31/10/24,20,1,2023,0,,
1,1,16-20,1,2.438,0.199,31/10/24,20,1,2023,0,,
1,2,16-20,1,2.301,0.207,31/10/24,20,1,2023,0,,
4.5,2,16-25,1,0.258,0.145,24/10/24,20,1,2023,0,,
4.5,1,16-25,1,0.288,0.169,24/10/24,20,1,2023,0,,
1,1,16-25,1,0.342,0.154,24/10/24,20,1,2023,0,,
1,2,16-25,1,0.364,0.163,24/10/24,20,1,2023,0,,
4.5,2,16-26,1,0.303,0.185,28/10/24,20,1,2023,0,,
1,2,16-26,1,0.337,0.181,28/10/24,20,1,2023,0,Only enough berries for 1 rep,
4.5,1,16-27,1,0.512,0.128,30/10/24,20,1,2023,0,,
4.5,2,16-27,1,0.523,0.129,30/10/24,20,1,2023,0,,
1,2,16-27,1,1.76,0.113,30/10/24,20,1,2023,0,,
1,1,16-27,1,2.179,0.139,30/10/24,20,1,2023,0,,
4.5,2,17-20,1,0.607,0.496,01/11/24,20,1,2023,0,,
4.5,1,17-20,1,0.915,0.831,01/11/24,20,1,2023,0,,
1,2,17-20,1,0.825,0.69,01/11/24,20,1,2023,0,,
1,1,17-20,1,0.92,0.794,01/11/24,20,1,2023,0,,
4.5,2,17-21,1,0.295,0.096,01/11/24,20,1,2023,0,,
4.5,1,17-21,1,0.323,0.154,01/11/24,20,1,2023,0,,
1,2,17-21,1,1.257,0.105,01/11/24,20,1,2023,0,,
1,1,17-21,1,1.3,0.108,01/11/24,20,1,2023,0,,
4.5,2,17-24,1,0.357,0.115,01/11/24,20,1,2023,0,,
4.5,1,17-24,1,0.423,0.169,01/11/24,20,1,2023,0,,
1,1,17-24,1,1.308,0.121,01/11/24,20,1,2023,0,,
1,2,17-24,1,1.492,0.152,01/11/24,20,1,2023,0,,
4.5,1,17-25,1,0.841,0.216,24/10/24,20,1,2023,0,,
4.5,2,17-25,1,1.064,0.319,24/10/24,20,1,2023,0,,
1,2,17-25,1,2.897,0.225,24/10/24,20,1,2023,0,,
1,1,17-25,1,2.807,0.226,24/10/24,20,1,2023,0,,
4.5,2,17-27,1,0.306,0.184,30/10/24,20,1,2023,0,,
4.5,1,17-27,1,0.311,0.194,30/10/24,20,1,2023,0,,
1,2,17-27,1,0.32,0.176,30/10/24,20,1,2023,0,,
1,1,17-27,1,0.339,0.184,30/10/24,20,1,2023,0,,
4.5,2,18-25,1,0.238,0.075,19/10/24,20,1,2023,0,,
4.5,1,18-25,1,0.261,0.092,19/10/24,20,1,2023,0,,
1,2,18-25,1,1.07,0.089,19/10/24,20,1,2023,0,,
1,1,18-25,1,1.055,0.097,19/10/24,20,1,2023,0,,
4.5,2,18-26,1,0.377,0.255,24/10/24,20,1,2023,0,,
4.5,1,18-26,1,0.431,0.282,24/10/24,20,1,2023,0,,
1,2,18-26,1,0.42,0.225,24/10/24,20,1,2023,0,,
1,1,18-26,1,0.477,0.243,24/10/24,20,1,2023,0,,
4.5,1,18-27,1,0.434,0.089,01/11/24,20,1,2023,0,,
4.5,2,18-27,1,-,-,01/11/24,20,1,2023,0,,
1,1,18-27,1,1.849,0.042,01/11/24,20,1,2023,0,Only enough berries for 1 rep,
1,2,18-27,1,-,-,01/11/24,20,1,2023,0,,
4.5,1,19-20,1,0.277,0.171,01/11/24,20,1,2023,0,,
4.5,2,19-20,1,-,-,01/11/24,20,1,2023,0,,
1,1,19-20,1,0.271,0.133,01/11/24,20,1,2023,0,Only enough berries for 1 rep,
1,2,19-20,1,-,-,01/11/24,20,1,2023,0,,
4.5,1,19-21,1,0.234,0.152,01/11/24,20,1,2023,0,,
4.5,2,19-21,1,0.323,0.215,01/11/24,20,1,2023,0,,
1,1,19-21,1,0.266,0.155,01/11/24,20,1,2023,0,,
1,2,19-21,1,0.283,0.171,01/11/24,20,1,2023,0,,
4.5,1,19-22,1,0.388,0.128,01/11/24,20,1,2023,0,,
4.5,2,19-22,1,0.404,0.148,01/11/24,20,1,2023,0,,
1,1,19-22,1,1.536,0.109,01/11/24,20,1,2023,0,,
1,2,19-22,1,1.501,0.11,01/11/24,20,1,2023,0,,
4.5,2,19-25,1,0.369,0.23,24/10/24,20,1,2023,0,,
4.5,1,19-25,1,0.43,0.273,24/10/24,20,1,2023,0,,
1,1,19-25,1,0.386,0.217,24/10/24,20,1,2023,0,,
1,2,19-25,1,0.485,0.29,24/10/24,20,1,2023,0,,
4.5,1,19-27,1,0.452,0.144,30/10/24,20,1,2023,0,,
4.5,2,19-27,1,0.759,0.192,30/10/24,20,1,2023,0,,
1,1,19-27,1,1.476,0.129,30/10/24,20,1,2023,0,,
1,2,19-27,1,1.741,0.145,30/10/24,20,1,2023,0,,
4.5,2,20-23,1,0.711,0.583,01/11/24,20,1,2023,0,,
4.5,1,20-23,1,0.799,0.666,01/11/24,20,1,2023,0,,
1,2,20-23,1,0.851,0.696,01/11/24,20,1,2023,0,,
1,1,20-23,1,1.046,0.902,01/11/24,20,1,2023,0,,
4.5,1,20-25,1,1.115,0.313,24/10/24,20,1,2023,0,,
4.5,2,20-25,1,1.188,0.362,24/10/24,20,1,2023,0,,
1,1,20-25,1,2.084,0.271,24/10/24,20,1,2023,0,,
1,2,20-25,1,2.38,0.344,24/10/24,20,1,2023,0,Change 3.38 to 2.38,
4.5,1,20-27,1,0.447,0.177,30/10/24,20,1,2023,0,,
4.5,2,20-27,1,0.45,0.179,30/10/24,20,1,2023,0,,
1,1,20-27,1,1.213,0.171,30/10/24,20,1,2023,0,,
1,2,20-27,1,1.159,0.179,30/10/24,20,1,2023,0,,
4.5,1,20-28,1,1.417,0.291,30/10/24,20,1,2023,0,,
4.5,2,20-28,1,1.625,0.297,30/10/24,20,1,2023,0,,
1,2,20-28,1,5,0.243,30/10/24,20,1,2023,0,,
1,1,20-28,1,5,0.261,30/10/24,20,1,2023,0,,