No,pH,Rep,Sample_code,nm_520,nm_700,Date,Rx_min,Harvest,Year,Reps,Notes,Person
1,1,1,106-10,2.126,0.048,11/10/24,0,1,2023,0,,Drew
2,4.5,1,106-10,0.275,0.053,11/10/24,0,1,2023,0,,Drew
3,1,2,106-10,1.831,0.061,11/10/24,0,1,2023,0,,Drew
4,4.5,2,106-10,0.274,0.043,11/10/24,0,1,2023,0,,Drew
1,1,1,119-5,2.487,0.071,11/10/24,0,1,2023,0,,Drew
2,4.5,1,119-5,0.455,0.078,11/10/24,0,1,2023,0,,Drew
3,1,2,119-5,2.625,0.097,11/10/24,0,1,2023,0,,Drew
4,4.5,2,119-5,0.453,0.068,11/10/24,0,1,2023,0,,Drew
1,1,1,114-5,4.492,0.088,11/10/24,0,2,2023,0,,Drew
2,4.5,1,114-5,0.87,0.133,11/10/24,0,2,2023,0,,Drew
3,1,2,114-5,4.412,0.095,11/10/24,0,2,2023,0,,Drew
4,4.5,2,114-5,0.821,0.107,11/10/24,0,2,2023,0,,Drew
1,1,1,108-5,0.286,0.085,11/10/24,0,2,2023,0,,Drew
2,4.5,1,108-5,0.17,0.096,11/10/24,0,2,2023,0,,Drew
3,1,2,108-5,0.193,0.06,11/10/24,0,2,2023,0,,Drew
4,4.5,2,108-5,0.183,0.11,11/10/24,0,2,2023,0,,Drew
1,1,1,118-5,3.862,0.065,11/10/24,0,2,2023,0,,Drew
2,4.5,1,118-5,0.721,0.059,11/10/24,0,2,2023,0,,Drew
3,1,2,118-5,3.62,0.124,11/10/24,0,2,2023,0,,Drew
4,4.5,2,118-5,0.67,0.056,11/10/24,0,2,2023,0,,Drew
1,1,1,111-5,3.207,0.126,11/10/24,0,2,2023,0,Both tubes are 18 g,Drew
2,4.5,1,111-5,0.653,0.156,11/10/24,0,2,2023,0,,Drew
3,1,2,111-5,3.263,0.127,11/10/24,0,2,2023,0,,Drew
4,4.5,2,111-5,0.714,0.178,11/10/24,0,2,2023,0,,Drew
1,1,1,106-5,3.082,0.06,11/10/24,0,2,2023,0,,Drew
2,4.5,1,106-5,0.441,0.041,11/10/24,0,2,2023,0,,Drew
3,1,2,106-5,3.146,0.083,11/10/24,0,2,2023,0,,Drew
4,4.5,2,106-5,0.501,0.045,11/10/24,0,2,2023,0,,Drew
1,1,1,110-5,3.215,0.16,14/10/24,0,2,2023,0,Both tubes are 15 g,Drew
2,4.5,1,110-5,0.703,0.161,14/10/24,0,2,2023,0,,Drew
3,1,2,110-5,3.328,0.15,14/10/24,0,2,2023,0,,Drew
4,4.5,2,110-5,0.719,0.114,14/10/24,0,2,2023,0,,Drew
1,1,1,116-5,3.89,0.1,14/10/24,0,2,2023,0,,Drew
2,4.5,1,116-5,0.807,0.12,14/10/24,0,2,2023,0,,Drew
3,1,2,116-5,4.409,0.138,14/10/24,0,2,2023,0,,Drew
4,4.5,2,116-5,0.938,0.177,14/10/24,0,2,2023,0,,Drew
1,1,1,112-5,2.01,0.066,14/10/24,0,2,2023,0,,Drew
2,4.5,1,112-5,0.351,0.079,14/10/24,0,2,2023,0,,Drew
3,1,2,112-5,1.178,0.049,14/10/24,0,2,2023,0,,Drew
4,4.5,2,112-5,0.334,0.073,14/10/24,0,2,2023,0,,Drew
1,1,1,109-5,3.34,0.028,14/10/24,0,1,2023,0,,Drew
2,4.5,1,109-5,0.529,0.062,14/10/24,0,1,2023,0,,Drew
3,1,2,109-5,3.747,0.036,14/10/24,0,1,2023,0,,Drew
4,4.5,2,109-5,0.584,0.075,14/10/24,0,1,2023,0,,Drew
1,1,1,118-3,3.079,0.162,14/10/24,0,2,2023,0,Both tubes are 15 g,Drew
2,4.5,1,118-3,0.655,0.14,14/10/24,0,2,2023,0,,Drew
3,1,2,118-3,3.242,0.128,14/10/24,0,2,2023,0,,Drew
4,4.5,2,118-3,1.062,0.217,14/10/24,0,2,2023,0,,Drew
1,1,1,115-5,4.073,0.164,14/10/24,0,2,2023,0,,Drew
2,4.5,1,115-5,1.255,0.2,14/10/24,0,2,2023,0,,Drew
3,1,2,115-5,3.825,0.197,14/10/24,0,2,2023,0,,Drew
4,4.5,2,115-5,1.047,0.134,14/10/24,0,2,2023,0,,Drew
1,1,1,107-5,3.536,0.079,14/10/24,0,2,2023,0,,Drew
2,4.5,1,107-5,0.637,0.069,14/10/24,0,2,2023,0,,Drew
3,1,2,107-5,3.563,0.052,14/10/24,0,2,2023,0,,Drew
4,4.5,2,107-5,0.633,0.076,14/10/24,0,2,2023,0,,Drew
1,1,1,117-5,2.34,0.05,14/10/24,0,2,2023,0,,Drew
2,4.5,1,117-5,0.45,0.083,14/10/24,0,2,2023,0,,Drew
3,1,2,117-5,2.314,0.049,14/10/24,0,2,2023,0,,Drew
4,4.5,2,117-5,0.424,0.055,14/10/24,0,2,2023,0,,Drew
1,1,1,117-3,2.516,0.073,14/10/24,0,2,2023,0,,Drew
2,4.5,1,117-3,0.515,0.12,14/10/24,0,2,2023,0,,Drew
3,1,2,117-3,2.83,0.072,14/10/24,0,2,2023,0,,Drew
4,4.5,2,117-3,0.494,0.085,14/10/24,0,2,2023,0,,Drew
1,1,1,119-3,3.886,0.053,14/10/24,0,2,2023,0,,Drew
2,4.5,1,119-3,0.629,0.07,14/10/24,0,2,2023,0,,Drew
3,1,2,119-3,3.637,0.096,14/10/24,0,2,2023,0,,Drew
4,4.5,2,119-3,0.68,0.103,14/10/24,0,2,2023,0,,Drew
1,1,1,108-1,0.352,0.102,14/10/24,0,1,2023,0,,Drew
2,4.5,1,108-1,0.159,0.078,14/10/24,0,1,2023,0,,Drew
3,1,2,108-1,0.328,0.086,14/10/24,0,1,2023,0,,Drew
4,4.5,2,108-1,0.133,0.061,14/10/24,0,1,2023,0,,Drew
1,1,1,110-13,0.802,0.06,14/10/24,0,1,2023,0,,Drew
2,4.5,1,110-13,0.239,0.097,14/10/24,0,1,2023,0,,Drew
3,1,2,110-13,0.852,0.071,14/10/24,0,1,2023,0,,Drew
4,4.5,2,110-13,0.17,0.053,14/10/24,0,1,2023,0,,Drew
1,1,1,107-11,1.379,0.089,15/10/24,0,1,2023,0,,Drew
2,4.5,1,107-11,0.305,0.099,15/10/24,0,1,2023,0,,Drew
3,1,2,107-11,1.353,0.093,15/10/24,0,1,2023,0,,Drew
4,4.5,2,107-11,0.314,0.105,15/10/24,0,1,2023,0,,Drew
1,1,1,109-13,0.719,0.073,15/10/24,0,1,2023,0,,Drew
2,4.5,1,109-13,0.226,0.09,15/10/24,0,1,2023,0,,Drew
3,1,2,109-13,0.825,0.089,15/10/24,0,1,2023,0,,Drew
4,4.5,2,109-13,0.291,0.115,15/10/24,0,1,2023,0,,Drew
1,1,1,107-13,0.163,0.102,15/10/24,0,1,2023,0,Both tubes are 13 g,Drew
2,4.5,1,107-13,0.145,0.086,15/10/24,0,1,2023,0,,Drew
3,1,2,107-13,0.17,0.1,15/10/24,0,1,2023,0,,Drew
4,4.5,2,107-13,0.134,0.078,15/10/24,0,1,2023,0,,Drew
1,1,1,109-1,1.473,0.074,15/10/24,0,1,2023,0,,Drew
2,4.5,1,109-1,0.288,0.069,15/10/24,0,1,2023,0,,Drew
3,1,2,109-1,1.28,0.075,15/10/24,0,1,2023,0,,Drew
4,4.5,2,109-1,0.332,0.089,15/10/24,0,1,2023,0,,Drew
1,1,1,115-16,2.766,0.17,15/10/24,0,2,2023,0,,Drew
2,4.5,1,115-16,0.585,0.181,15/10/24,0,2,2023,0,,Drew
3,1,2,115-16,2.792,0.169,15/10/24,0,2,2023,0,,Drew
4,4.5,2,115-16,0.884,0.2,15/10/24,0,2,2023,0,,Drew
1,1,1,119-16,3.937,0.061,15/10/24,0,2,2023,0,,Drew
2,4.5,1,119-16,0.842,0.102,15/10/24,0,2,2023,0,,Drew
3,1,2,119-16,3.798,0.057,15/10/24,0,2,2023,0,,Drew
4,4.5,2,119-16,0.778,0.085,15/10/24,0,2,2023,0,,Drew
1,1,1,112-16,1.477,0.056,15/10/24,0,1,2023,0,,Drew
2,4.5,1,112-16,0.304,0.079,15/10/24,0,1,2023,0,,Drew
3,1,2,112-16,1.625,0.042,15/10/24,0,1,2023,0,,Drew
4,4.5,2,112-16,0.271,0.052,15/10/24,0,1,2023,0,,Drew
1,1,1,111-16,0.15,0.077,15/10/24,0,2,2023,0,,Drew
2,4.5,1,111-16,0.112,0.061,15/10/24,0,2,2023,0,,Drew
3,1,2,111-16,0.144,0.069,15/10/24,0,2,2023,0,,Drew
4,4.5,2,111-16,0.088,0.046,15/10/24,0,2,2023,0,,Drew
1,1,1,113-16,3.926,0.059,15/10/24,0,1,2023,0,,Drew
2,4.5,1,113-16,0.879,0.087,15/10/24,0,1,2023,0,,Drew
3,1,2,113-16,3.914,0.071,15/10/24,0,1,2023,0,,Drew
4,4.5,2,113-16,0.747,0.077,15/10/24,0,1,2023,0,,Drew
1,1,1,110-16,2.081,0.142,15/10/24,0,2,2023,0,,Drew
2,4.5,1,110-16,0.503,0.148,15/10/24,0,2,2023,0,,Drew
3,1,2,110-16,1.832,0.144,15/10/24,0,2,2023,0,,Drew
4,4.5,2,110-16,0.622,0.184,15/10/24,0,2,2023,0,,Drew
1,1,1,116-16,3.628,0.104,15/10/24,0,2,2023,0,Less than 20 g,Drew
2,4.5,1,116-16,0.802,0.119,15/10/24,0,2,2023,0,,Drew
3,1,2,116-16,4.061,0.116,15/10/24,0,2,2023,0,,Drew
4,4.5,2,116-16,0.784,0.13,15/10/24,0,2,2023,0,,Drew
1,1,1,108-16,2.22,0.11,15/10/24,0,2,2023,1,All reps came from 1 tube,Drew
2,4.5,1,108-16,0.441,0.128,15/10/24,0,2,2023,1,,Drew
3,1,2,108-16,1.745,0.075,15/10/24,0,2,2023,1,,Drew
4,4.5,2,108-16,0.462,0.13,15/10/24,0,2,2023,1,,Drew
1,1,1,117-10,0.961,0.098,15/10/24,0,1,2023,0,Less than 20 g,Drew
2,4.5,1,117-10,0.337,0.145,15/10/24,0,1,2023,0,,Drew
3,1,2,117-10,1.079,0.14,15/10/24,0,1,2023,0,,Drew
4,4.5,2,117-10,0.393,0.163,15/10/24,0,1,2023,0,,Drew
1,1,1,111-10,1.065,0.042,15/10/24,0,1,2023,0,,Drew
2,4.5,1,111-10,0.253,0.059,15/10/24,0,1,2023,0,,Drew
3,1,2,111-10,1.202,0.076,15/10/24,0,1,2023,0,,Drew
4,4.5,2,111-10,0.259,0.063,15/10/24,0,1,2023,0,,Drew
1,1,1,110-10,1.631,0.186,15/10/24,0,1,2023,1,Less than 20 g,Drew
2,4.5,1,110-10,0.628,0.241,15/10/24,0,1,2023,1,,Drew
3,1,2,110-10,1.613,0.176,15/10/24,0,1,2023,1,,Drew
4,4.5,2,110-10,0.786,0.279,15/10/24,0,1,2023,1,,Drew
1,1,1,115-10,1.776,0.138,15/10/24,0,1,2023,1,"Less than 20 g, juice split",Drew
2,4.5,1,115-10,0.623,0.177,15/10/24,0,1,2023,1,,Drew
3,1,2,115-10,2.212,0.17,15/10/24,0,1,2023,1,,Drew
4,4.5,2,115-10,0.476,0.15,15/10/24,0,1,2023,1,,Drew
1,1,1,112-10,1.267,0.025,15/10/24,0,1,2023,0,,Drew
2,4.5,1,112-10,0.208,0.028,15/10/24,0,1,2023,0,,Drew
3,1,2,112-10,1.368,0.032,15/10/24,0,1,2023,0,,Drew
4,4.5,2,112-10,0.249,0.037,15/10/24,0,1,2023,0,,Drew
1,1,1,119-10,0.795,0.095,15/10/24,0,1,2023,0,,Drew
2,4.5,1,119-10,0.235,0.094,15/10/24,0,1,2023,0,,Drew
3,1,2,119-10,3.036,0.114,15/10/24,0,1,2023,0,,Drew
4,4.5,2,119-10,0.713,0.092,15/10/24,0,1,2023,0,,Drew
1,1,1,116-10,3.036,0.125,15/10/24,0,1,2023,0,Less than 20 g,Drew
2,4.5,1,116-10,0.713,0.156,15/10/24,0,1,2023,0,,Drew
3,1,2,116-10,2.799,0.127,15/10/24,0,1,2023,0,,Drew
4,4.5,2,116-10,0.68,0.13,15/10/24,0,1,2023,0,,Drew
1,1,1,107-10,1.877,0.046,15/10/24,0,2,2023,0,,Drew
2,4.5,1,107-10,0.352,0.069,15/10/24,0,2,2023,0,,Drew
3,1,2,107-10,1.78,0.068,15/10/24,0,2,2023,0,,Drew
4,4.5,2,107-10,0.363,0.082,15/10/24,0,2,2023,0,,Drew
1,1,1,118-10,2.999,0.264,15/10/24,0,1,2023,0,,Drew
2,4.5,1,118-10,1.058,0.283,15/10/24,0,1,2023,0,,Drew
3,1,2,118-10,3.033,0.263,15/10/24,0,1,2023,0,,Drew
4,4.5,2,118-10,1.984,0.264,15/10/24,0,1,2023,0,,Drew
1,1,1,109-10,0.777,0.046,15/10/24,0,1,2023,0,,Drew
2,4.5,1,109-10,0.172,0.052,15/10/24,0,1,2023,0,,Drew
3,1,2,109-10,0.97,0.06,15/10/24,0,1,2023,0,,Drew
4,4.5,2,109-10,0.369,0.09,15/10/24,0,1,2023,0,,Drew
1,1,1,113-10,4.267,0.115,15/10/24,0,1,2023,0,,Drew
2,4.5,1,113-10,1.089,0.139,15/10/24,0,1,2023,0,,Drew
3,1,2,113-10,4.225,0.092,15/10/24,0,1,2023,0,,Drew
4,4.5,2,113-10,1.31,0.108,15/10/24,0,1,2023,0,,Drew
1,1,1,112-7,0.439,0.12,15/10/24,0,1,2023,0,,Drew
2,4.5,1,112-7,0.254,0.126,15/10/24,0,1,2023,0,,Drew
3,1,2,112-7,0.489,0.12,15/10/24,0,1,2023,0,,Drew
4,4.5,2,112-7,0.279,0.135,15/10/24,0,1,2023,0,,Drew
1,1,1,118-16,2.996,0.7,17/10/24,0,2,2023,0,,"Drew, Ree"
2,4.5,1,118-16,0.425,0.073,17/10/24,0,2,2023,0,,"Drew, Ree"
3,1,2,118-16,2.978,0.08,17/10/24,0,2,2023,0,,"Drew, Ree"
4,4.5,2,118-16,0.465,0.076,17/10/24,0,2,2023,0,,"Drew, Ree"
1,1,1,114-16,3.534,0.154,17/10/24,0,2,2023,0,,"Drew, Ree"
2,4.5,1,114-16,0.921,0.201,17/10/24,0,2,2023,0,,"Drew, Ree"
3,1,2,114-16,3.795,0.17,17/10/24,0,2,2023,0,,"Drew, Ree"
4,4.5,2,114-16,0.903,0.168,17/10/24,0,2,2023,0,,"Drew, Ree"
1,1,1,106-16,0.981,0.044,17/10/24,0,2,2023,0,,"Drew, Ree"
2,4.5,1,106-16,0.217,0.062,17/10/24,0,2,2023,0,,"Drew, Ree"
3,1,2,106-16,0.932,0.048,17/10/24,0,2,2023,0,,"Drew, Ree"
4,4.5,2,106-16,0.169,0.034,17/10/24,0,2,2023,0,,"Drew, Ree"
1,1,1,114-10,2.385,0.171,17/10/24,0,1,2023,0,,"Drew, Ree"
2,4.5,1,114-10,0.448,0.128,17/10/24,0,1,2023,0,,"Drew, Ree"
3,1,2,114-10,1.729,0.107,17/10/24,0,1,2023,0,,"Drew, Ree"
4,4.5,2,114-10,0.535,0.163,17/10/24,0,1,2023,0,,"Drew, Ree"
1,1,1,107-16,0.248,0.113,17/10/24,0,2,2023,0,,"Drew, Ree"
2,4.5,1,107-16,0.23,0.14,17/10/24,0,2,2023,0,,"Drew, Ree"
3,1,2,107-16,0.272,0.115,17/10/24,0,2,2023,0,,"Drew, Ree"
4,4.5,2,107-16,0.219,0.127,17/10/24,0,2,2023,0,,"Drew, Ree"
1,1,1,109-7,0.912,0.062,17/10/24,20,1,2023,0,,"Drew, Ree"
2,4.5,1,109-7,0.182,0.048,17/10/24,20,1,2023,0,,"Drew, Ree"
3,1,2,109-7,0.785,0.044,17/10/24,20,1,2023,0,,"Drew, Ree"
4,4.5,2,109-7,0.164,0.05,17/10/24,20,1,2023,0,,"Drew, Ree"
1,1,1,117-1,1.345,0.083,17/10/24,20,1,2023,0,,"Drew, Ree"
2,4.5,1,117-1,0.273,0.076,17/10/24,20,1,2023,0,,"Drew, Ree"
3,1,2,117-1,1.407,0.109,17/10/24,20,1,2023,0,,"Drew, Ree"
4,4.5,2,117-1,0.254,0.079,17/10/24,20,1,2023,0,,"Drew, Ree"
1,1,1,108-10,0.169,0.087,17/10/24,20,1,2023,0,,"Drew, Ree"
2,4.5,1,108-10,0.151,0.086,17/10/24,20,1,2023,0,,"Drew, Ree"
3,1,2,108-10,0.143,0.064,17/10/24,20,1,2023,0,,"Drew, Ree"
4,4.5,2,108-10,0.119,0.065,17/10/24,20,1,2023,0,,"Drew, Ree"
1,1,1,106-7,0.597,0.046,17/10/24,20,1,2023,0,,"Drew, Ree"
2,4.5,1,106-7,0.295,0.11,17/10/24,20,1,2023,0,,"Drew, Ree"
3,1,2,106-7,0.612,0.059,17/10/24,20,1,2023,0,,"Drew, Ree"
4,4.5,2,106-7,0.196,0.077,17/10/24,20,1,2023,0,,"Drew, Ree"
1,1,1,116-7,1.04,0.075,17/10/24,20,1,2023,0,,"Drew, Ree"
2,4.5,1,116-7,0.278,0.085,17/10/24,20,1,2023,0,,"Drew, Ree"
3,1,2,116-7,1.17,0.075,17/10/24,20,1,2023,0,,"Drew, Ree"
4,4.5,2,116-7,0.336,0.11,17/10/24,20,1,2023,0,,"Drew, Ree"
1,1,1,114-7,3.705,0.221,17/10/24,20,1,2023,0,,"Drew, Ree"
2,4.5,1,114-7,0.928,0.217,17/10/24,20,1,2023,0,,"Drew, Ree"
3,1,2,114-7,2.939,0.15,17/10/24,20,1,2023,0,,"Drew, Ree"
4,4.5,2,114-7,1.242,0.308,17/10/24,20,1,2023,0,,"Drew, Ree"
1,1,1,110-13,1.456,0.111,17/10/24,20,2,2023,0,,"Drew, Ree"
2,4.5,1,110-13,0.246,0.061,17/10/24,20,2,2023,0,,"Drew, Ree"
3,1,2,110-13,1.084,0.074,17/10/24,20,2,2023,0,,"Drew, Ree"
4,4.5,2,110-13,0.218,0.076,17/10/24,20,2,2023,0,,"Drew, Ree"
1,1,1,112-16,1.575,0.063,17/10/24,20,2,2023,0,Only juice for 1 rep,"Drew, Ree"
2,4.5,1,112-16,0.057,0.009,17/10/24,20,2,2023,0,,"Drew, Ree"
1,1,1,111-10,1.517,0.108,17/10/24,20,2,2023,0,,"Drew, Ree"
2,4.5,1,111-10,0.391,0.153,17/10/24,20,2,2023,0,,"Drew, Ree"
3,1,2,111-10,1.723,0.127,17/10/24,20,2,2023,0,,"Drew, Ree"
4,4.5,2,111-10,0.32,0.105,17/10/24,20,2,2023,0,,"Drew, Ree"
1,1,1,111-16,0.2,0.119,17/10/24,20,1,2023,0,,"Drew, Ree"
2,4.5,1,111-16,0.552,0.498,17/10/24,20,1,2023,0,,"Drew, Ree"
3,1,2,111-16,0.116,0.064,17/10/24,20,1,2023,0,,"Drew, Ree"
4,4.5,2,111-16,0.137,0.082,17/10/24,20,1,2023,0,,"Drew, Ree"
1,1,1,107-10,3.28,0.115,18/10/24,20,1,2023,0,Only juice for 1 rep,Ree
2,4.5,1,107-10,0.744,0.124,18/10/24,20,1,2023,0,Only juice for 1 rep,Ree
1,1,1,106-16,0.974,0.711,18/10/24,20,1,2023,0,Only juice for 1 rep,Ree
2,4.5,1,106-16,2.098,0.162,18/10/24,20,1,2023,0,Only juice for 1 rep,Ree
1,1,1,109-13,1.297,0.104,18/10/24,20,1,2023,0,Only juice for 1 rep,Ree
2,4.5,1,109-13,0.364,0.121,18/10/24,20,1,2023,0,Only juice for 1 rep,Ree
1,1,1,106-10,3.27,0.092,18/10/24,20,1,2023,1,Reps came from juice,Ree
2,4.5,1,106-10,0.748,0.088,18/10/24,20,1,2023,1,Reps came from juice,Ree
3,1,2,106-10,3.402,0.133,18/10/24,20,1,2023,1,Reps came from juice,Ree
4,4.5,2,106-10,0.738,0.081,18/10/24,20,1,2023,1,Reps came from juice,Ree
1,1,1,112-5,1.484,0.068,18/10/24,20,1,2023,1,Only juice for 1 rep,Ree
2,4.5,1,112-5,0.202,0.068,18/10/24,20,1,2023,1,Only juice for 1 rep,Ree
1,1,1,117-5,1.266,0.039,18/10/24,20,1,2023,1,Only juice for 1 rep,Ree
2,4.5,1,117-5,0.289,0.088,18/10/24,20,1,2023,1,Only juice for 1 rep,Ree
1,1,1,108-5,0.413,0.189,18/10/24,20,1,2023,0,,Ree
2,4.5,1,108-5,0.179,0.107,18/10/24,20,1,2023,0,,Ree
3,1,2,108-5,0.325,0.118,18/10/24,20,1,2023,0,,Ree
4,4.5,2,108-5,0.265,0.148,18/10/24,20,1,2023,0,,Ree
1,1,1,108-9,0.427,0.226,19/10/24,20,1,2023,0,,Jessee
2,4.5,1,108-9,0.37,0.229,19/10/24,20,1,2023,0,,Jessee
3,1,2,108-9,0.463,0.25,19/10/24,20,1,2023,0,,Jessee
4,4.5,2,108-9,0.37,0.186,19/10/24,20,1,2023,0,,Jessee
1,1,1,108-7,0.432,0.189,19/10/24,20,1,2023,0,,Jessee
2,4.5,1,108-7,0.286,0.169,19/10/24,20,1,2023,0,,Jessee
3,1,2,108-7,0.525,0.215,19/10/24,20,1,2023,0,,Jessee
4,4.5,2,108-7,0.293,0.164,19/10/24,20,1,2023,0,,Jessee
1,1,1,114-9,2.308,0.134,19/10/24,20,1,2023,0,,Jessee
2,4.5,1,114-9,0.506,0.138,19/10/24,20,1,2023,0,,Jessee
3,1,2,114-9,2.354,0.125,19/10/24,20,1,2023,0,,Jessee
4,4.5,2,114-9,0.525,0.14,19/10/24,20,1,2023,0,,Jessee
1,1,1,117-7,1.812,0.156,19/10/24,20,1,2023,0,,Jessee
2,4.5,1,117-7,0.441,0.169,19/10/24,20,1,2023,0,,Jessee
3,1,2,117-7,1.71,0.138,19/10/24,20,1,2023,0,,Jessee
4,4.5,2,117-7,0.439,0.164,19/10/24,20,1,2023,0,,Jessee
1,1,1,117-9,1.372,0.206,19/10/24,20,1,2023,0,Barely any juice,Jessee
2,4.5,1,117-9,0.279,0.14,19/10/24,20,1,2023,0,Barely any juice,Jessee
3,1,2,117-9,3.553,0.526,19/10/24,20,1,2023,0,Barely any juice,Jessee
4,4.5,2,117-9,0.451,0.228,19/10/24,20,1,2023,0,Barely any juice,Jessee
1,1,1,107-7,1.09,0.09,19/10/24,20,1,2023,0,,Jessee
2,4.5,1,107-7,0.374,0.105,19/10/24,20,1,2023,0,,Jessee
3,1,2,107-7,1.274,0.107,19/10/24,20,1,2023,0,,Jessee
4,4.5,2,107-7,0.5,0.143,19/10/24,20,1,2023,0,,Jessee
1,1,1,118-11,2.194,0.044,19/10/24,20,1,2023,0,,
2,4.5,1,118-11,0.366,0.073,19/10/24,20,1,2023,0,,
3,1,2,118-11,2.668,0.048,19/10/24,20,1,2023,0,,
4,4.5,2,118-11,0.488,0.078,19/10/24,20,1,2023,0,,
1,1,1,18-25,1.055,0.097,19/10/24,20,1,2023,0,,
2,4.5,1,18-25,0.261,0.092,19/10/24,20,1,2023,0,,
3,1,2,18-25,1.07,0.089,19/10/24,20,1,2023,0,,
4,4.5,2,18-25,0.238,0.075,19/10/24,20,1,2023,0,,
1,1,1,14-26,1.424,0.112,24/10/24,20,1,2023,0,,
2,4.5,1,14-26,0.463,0.127,24/10/24,20,1,2023,0,,
3,1,2,14-26,0.485,0.144,24/10/24,20,1,2023,0,,
4,4.5,2,14-26,1.595,0.163,24/10/24,20,1,2023,0,,
1,1,1,109-9,1.605,0.148,24/10/24,20,1,2023,0,,
2,4.5,1,109-9,0.451,0.131,24/10/24,20,1,2023,0,,
3,1,2,109-9,1.364,0.154,24/10/24,20,1,2023,0,,
4,4.5,2,109-9,0.492,0.141,24/10/24,20,1,2023,0,,
1,1,1,106-3,3.122,0.3,24/10/24,20,1,2023,0,,
2,4.5,1,106-3,1.184,0.302,24/10/24,20,1,2023,0,,
3,1,2,106-3,3.061,0.322,24/10/24,20,1,2023,0,,
4,4.5,2,106-3,1.088,0.312,24/10/24,20,1,2023,0,,
1,1,1,118-9,1.649,0.258,24/10/24,20,1,2023,0,,
2,4.5,1,118-9,0.694,0.263,24/10/24,20,1,2023,0,,
3,1,2,118-9,1.856,0.278,24/10/24,20,1,2023,0,,
4,4.5,2,118-9,0.814,0.328,24/10/24,20,1,2023,0,,
1,1,1,13-25,1.167,0.183,24/10/24,20,1,2023,0,,
2,4.5,1,13-25,0.627,0.231,24/10/24,20,1,2023,0,,
3,1,2,13-25,1.531,0.137,24/10/24,20,1,2023,0,,
4,4.5,2,13-25,0.532,0.149,24/10/24,20,1,2023,0,,
1,1,1,17-25,2.807,0.226,24/10/24,20,1,2023,0,,
2,4.5,1,17-25,0.841,0.216,24/10/24,20,1,2023,0,,
3,1,2,17-25,2.897,0.225,24/10/24,20,1,2023,0,,
4,4.5,2,17-25,1.064,0.319,24/10/24,20,1,2023,0,,
1,1,1,111-13,1.292,0.108,24/10/24,20,1,2023,0,,
2,4.5,1,111-13,0.324,0.108,24/10/24,20,1,2023,0,,
3,1,2,111-13,1.257,0.124,24/10/24,20,1,2023,0,,
4,4.5,2,111-13,0.313,0.105,24/10/24,20,1,2023,0,,
1,1,1,112-13,1.405,0.103,24/10/24,20,1,2023,0,,
2,4.5,1,112-13,0.345,0.103,24/10/24,20,1,2023,0,,
3,1,2,112-13,1.431,0.096,24/10/24,20,1,2023,0,,
4,4.5,2,112-13,0.375,0.125,24/10/24,20,1,2023,0,,
1,1,1,106-13,2.7,0.121,24/10/24,20,1,2023,0,,
2,4.5,1,106-13,0.56,0.138,24/10/24,20,1,2023,0,,
3,1,2,106-13,2.698,0.146,24/10/24,20,1,2023,0,,
4,4.5,2,106-13,0.584,0.135,24/10/24,20,1,2023,0,,
1,1,1,118-18,2.275,0.162,24/10/24,20,1,2023,0,,
2,4.5,1,118-18,0.574,0.193,24/10/24,20,1,2023,0,,
3,1,2,118-18,1.578,0.095,24/10/24,20,1,2023,0,,
4,4.5,2,118-18,0.299,0.124,24/10/24,20,1,2023,0,,
1,1,1,115-13,1.954,0.212,24/10/24,20,1,2023,0,,
2,4.5,1,115-13,0.596,0.228,24/10/24,20,1,2023,0,,
3,1,2,115-13,1.894,0.198,24/10/24,20,1,2023,0,,
4,4.5,2,115-13,0.578,0.225,24/10/24,20,1,2023,0,,
1,1,1,118-13,2.293,0.191,24/10/24,20,1,2023,0,,
2,4.5,1,118-13,0.669,0.264,24/10/24,20,1,2023,0,,
3,1,2,118-13,2.378,0.237,24/10/24,20,1,2023,0,,
4,4.5,2,118-13,0.646,0.24,24/10/24,20,1,2023,0,,
1,1,1,109-19,1.222,0.11,24/10/24,20,1,2023,0,,
2,4.5,1,109-19,0.246,0.072,24/10/24,20,1,2023,0,,
3,1,2,109-19,1.191,0.083,24/10/24,20,1,2023,0,,
4,4.5,2,109-19,0.277,0.089,24/10/24,20,1,2023,0,,
1,1,1,11-25,0.787,0.084,24/10/24,20,1,2023,0,,
2,4.5,1,11-25,0.216,0.086,24/10/24,20,1,2023,0,,
3,1,2,11-25,0.896,0.098,24/10/24,20,1,2023,0,,
4,4.5,2,11-25,0.212,0.077,24/10/24,20,1,2023,0,,
1,1,1,117-8,1.096,0.171,24/10/24,20,1,2023,0,,
2,4.5,1,117-8,0.405,0.185,24/10/24,20,1,2023,0,,
3,1,2,117-8,0.977,0.174,24/10/24,20,1,2023,0,,
4,4.5,2,117-8,0.355,0.163,24/10/24,20,1,2023,0,,
1,1,1,114-8,3.471,0.115,24/10/24,20,1,2023,0,,
2,4.5,1,114-8,0.851,0.164,24/10/24,20,1,2023,0,,
3,1,2,114-8,3.383,0.127,24/10/24,20,1,2023,0,,
4,4.5,2,114-8,0.807,0.16,24/10/24,20,1,2023,0,,
1,1,1,119-13,1.429,0.234,24/10/24,20,1,2023,0,,
2,4.5,1,119-13,0.59,0.276,24/10/24,20,1,2023,0,,
3,1,2,119-13,1.393,0.23,24/10/24,20,1,2023,0,,
4,4.5,2,119-13,0.62,0.302,24/10/24,20,1,2023,0,,
1,1,1,114-13,1.059,0.8,24/10/24,20,1,2023,0,,
2,4.5,1,114-13,0.452,0.17,24/10/24,20,1,2023,0,,
3,1,2,114-13,2.317,0.187,24/10/24,20,1,2023,0,,
4,4.5,2,114-13,0.792,0.301,24/10/24,20,1,2023,0,,
1,1,1,117-13,2.463,0.127,24/10/24,20,1,2023,0,,
2,4.5,1,117-13,0.55,0.137,24/10/24,20,1,2023,0,,
3,1,2,117-13,2.381,0.126,24/10/24,20,1,2023,0,,
4,4.5,2,117-13,0.53,0.135,24/10/24,20,1,2023,0,,
1,1,1,113-13,2.681,0.152,24/10/24,20,1,2023,0,,
2,4.5,1,113-13,0.621,0.164,24/10/24,20,1,2023,0,,
3,1,2,113-13,2.743,0.162,24/10/24,20,1,2023,0,,
4,4.5,2,113-13,0.652,0.171,24/10/24,20,1,2023,0,,
1,1,1,108-13,0.22,0.106,24/10/24,20,1,2023,0,,
2,4.5,1,108-13,0.182,0.111,24/10/24,20,1,2023,0,,
3,1,2,108-13,0.251,0.126,24/10/24,20,1,2023,0,,
4,4.5,2,108-13,0.184,0.108,24/10/24,20,1,2023,0,,
1,1,1,116-13,2.497,0.175,24/10/24,20,1,2023,0,,
2,4.5,1,116-13,0.626,0.195,24/10/24,20,1,2023,0,,
3,1,2,116-13,0.2843,0.193,24/10/24,20,1,2023,0,,
4,4.5,2,116-13,0.687,0.182,24/10/24,20,1,2023,0,,
1,1,1,118-8,0.928,0.168,24/10/24,20,1,2023,0,,
2,4.5,1,118-8,0.459,0.177,24/10/24,20,1,2023,0,,
3,1,2,118-8,0.847,0.134,24/10/24,20,1,2023,0,,
4,4.5,2,118-8,0.323,0.13,24/10/24,20,1,2023,0,,
1,1,1,106-8,0.38,0.077,24/10/24,20,1,2023,0,,
2,4.5,1,106-8,0.22,0.106,24/10/24,20,1,2023,0,,
3,1,2,106-8,0.383,0.098,24/10/24,20,1,2023,0,,
4,4.5,2,106-8,0.219,0.104,24/10/24,20,1,2023,0,,
1,1,1,116-8,1.171,0.146,24/10/24,20,1,2023,0,,
2,4.5,1,116-8,0.414,0.15,24/10/24,20,1,2023,0,,
3,1,2,116-8,1.07,0.102,24/10/24,20,1,2023,0,,
4,4.5,2,116-8,0.387,0.123,24/10/24,20,1,2023,0,,
1,1,1,119-8,3.464,0.105,24/10/24,20,1,2023,0,,
2,4.5,1,119-8,0.967,0.133,24/10/24,20,1,2023,0,,
3,1,2,119-8,3.91,0.145,24/10/24,20,1,2023,0,,
4,4.5,2,119-8,1.115,0.156,24/10/24,20,1,2023,0,,
1,1,1,107-8,2.368,0.108,24/10/24,20,1,2023,0,,
2,4.5,1,107-8,0.728,0.184,24/10/24,20,1,2023,0,,
3,1,2,107-8,2.317,0.115,24/10/24,20,1,2023,0,,
4,4.5,2,107-8,0.541,0.135,24/10/24,20,1,2023,0,,
1,1,1,108-8,0.375,0.134,24/10/24,20,1,2023,0,,
2,4.5,1,108-8,0.316,0.17,24/10/24,20,1,2023,0,,
3,1,2,108-8,0.407,0.149,24/10/24,20,1,2023,0,,
4,4.5,2,108-8,0.305,0.162,24/10/24,20,1,2023,0,,
1,1,1,113-8,0.917,1.06,24/10/24,20,1,2023,0,,
2,4.5,1,113-8,0.323,0.136,24/10/24,20,1,2023,0,,
3,1,2,113-8,0.957,0.117,24/10/24,20,1,2023,0,,
4,4.5,2,113-8,0.287,0.115,24/10/24,20,1,2023,0,,
1,1,1,111-8,1.345,0.068,24/10/24,20,1,2023,0,,
2,4.5,1,111-8,0.289,0.07,24/10/24,20,1,2023,0,,
3,1,2,111-8,1.338,0.061,24/10/24,20,1,2023,0,,
4,4.5,2,111-8,0.276,0.067,24/10/24,20,1,2023,0,,
1,1,1,8-25,1.79,0.22,24/10/24,20,1,2023,0,,
2,4.5,1,8-25,0.837,0.294,24/10/24,20,1,2023,0,,
3,1,2,8-25,1.621,0.195,24/10/24,20,1,2023,0,,
4,4.5,2,8-25,0.688,0.247,24/10/24,20,1,2023,0,,
1,1,1,19-25,0.386,0.217,24/10/24,20,1,2023,0,,
2,4.5,1,19-25,0.43,0.273,24/10/24,20,1,2023,0,,
3,1,2,19-25,0.485,0.29,24/10/24,20,1,2023,0,,
4,4.5,2,19-25,0.369,0.23,24/10/24,20,1,2023,0,,
1,1,1,10-26,0.293,0.133,24/10/24,20,1,2023,0,,
2,4.5,1,10-26,0.244,0.142,24/10/24,20,1,2023,0,,
3,1,2,10-26,0.297,0.143,24/10/24,20,1,2023,0,,
4,4.5,2,10-26,0.27,0.158,24/10/24,20,1,2023,0,,
1,1,1,6-25,3.07,0.267,24/10/24,20,1,2023,0,,
2,4.5,1,6-25,0.86,0.273,24/10/24,20,1,2023,0,,
3,1,2,6-25,2.959,0.251,24/10/24,20,1,2023,0,,
4,4.5,2,6-25,0.951,0.296,24/10/24,20,1,2023,0,,
1,1,1,8-26,1.592,0.156,24/10/24,20,1,2023,0,,
2,4.5,1,8-26,0.489,0.152,24/10/24,20,1,2023,0,,
3,1,2,8-26,1.638,0.156,24/10/24,20,1,2023,0,,
4,4.5,2,8-26,0.546,0.16,24/10/24,20,1,2023,0,,
1,1,1,15-25,0.356,0.172,24/10/24,20,1,2023,0,,
2,4.5,1,15-25,0.315,0.191,24/10/24,20,1,2023,0,,
3,1,2,15-25,0.404,0.201,24/10/24,20,1,2023,0,,
4,4.5,2,15-25,0.331,0.199,24/10/24,20,1,2023,0,,
1,1,1,4-26,1.326,0.142,24/10/24,20,1,2023,0,,
2,4.5,1,4-26,0.49,0.156,24/10/24,20,1,2023,0,,
3,1,2,4-26,1.456,0.128,24/10/24,20,1,2023,0,,
4,4.5,2,4-26,0.502,0.14,24/10/24,20,1,2023,0,,
1,1,1,18-26,0.477,0.243,24/10/24,20,1,2023,0,,
2,4.5,1,18-26,0.431,0.282,24/10/24,20,1,2023,0,,
3,1,2,18-26,0.42,0.225,24/10/24,20,1,2023,0,,
4,4.5,2,18-26,0.377,0.255,24/10/24,20,1,2023,0,,
1,1,1,10-25,2.337,0.226,24/10/24,20,1,2023,0,,
2,4.5,1,10-25,1.104,0.457,24/10/24,20,1,2023,0,,
3,1,2,10-25,2.398,0.251,24/10/24,20,1,2023,0,,
4,4.5,2,10-25,0.906,0.273,24/10/24,20,1,2023,0,,
1,1,1,111-3,2.64,0.2,24/10/24,20,1,2023,0,,
2,4.5,1,111-3,0.843,0.245,24/10/24,20,1,2023,0,,
3,1,2,111-3,3.035,0.251,24/10/24,20,1,2023,0,,
4,4.5,2,111-3,0.875,0.254,24/10/24,20,1,2023,0,,
1,1,1,115-9,2.427,0.188,24/10/24,20,1,2023,0,,
2,4.5,1,115-9,0.799,0.219,24/10/24,20,1,2023,0,,
3,1,2,115-9,2.27,0.404,24/10/24,20,1,2023,0,,
4,4.5,2,115-9,0.894,0.295,24/10/24,20,1,2023,0,,
1,1,1,14-25,0.749,0.435,24/10/24,20,1,2023,0,,
2,4.5,1,14-25,0.687,0.463,24/10/24,20,1,2023,0,,
3,1,2,14-25,0.55,0.289,24/10/24,20,1,2023,0,,
4,4.5,2,14-25,0.48,0.298,24/10/24,20,1,2023,0,,
1,1,1,6-26,0.694,0.184,24/10/24,20,1,2023,0,,
2,4.5,1,6-26,0.419,0.215,24/10/24,20,1,2023,0,,
3,1,2,6-26,0.634,0.172,24/10/24,20,1,2023,0,,
4,4.5,2,6-26,0.379,0.192,24/10/24,20,1,2023,0,,
1,1,1,16-25,0.342,0.154,24/10/24,20,1,2023,0,,
2,4.5,1,16-25,0.288,0.169,24/10/24,20,1,2023,0,,
3,1,2,16-25,0.364,0.163,24/10/24,20,1,2023,0,,
4,4.5,2,16-25,0.258,0.145,24/10/24,20,1,2023,0,,
1,1,1,12-26,1.724,0.213,24/10/24,20,1,2023,0,,
2,4.5,1,12-26,0.783,0.272,24/10/24,20,1,2023,0,,
3,1,2,12-26,2.085,0.333,24/10/24,20,1,2023,0,,
4,4.5,2,12-26,0.895,0.333,24/10/24,20,1,2023,0,,
1,1,1,20-25,2.084,0.271,24/10/24,20,1,2023,0,,
2,4.5,1,20-25,1.115,0.313,24/10/24,20,1,2023,0,,
3,1,2,20-25,3.38,0.344,24/10/24,20,1,2023,0,,
4,4.5,2,20-25,1.188,0.362,24/10/24,20,1,2023,0,,
1,1,1,117-9,2.287,0.287,28/10/24,20,1,2023,0,,
2,4.5,1,117-9,0.859,0.285,28/10/24,20,1,2023,0,,
3,1,2,117-9,2.143,0.272,28/10/24,20,1,2023,0,,
4,4.5,2,117-9,0.874,0.284,28/10/24,20,1,2023,0,,
1,1,1,110-19,2.88,0.224,28/10/24,20,1,2023,0,,
2,4.5,1,110-19,0.737,0.206,28/10/24,20,1,2023,0,,
3,1,2,110-19,2.329,0.193,28/10/24,20,1,2023,0,,
4,4.5,2,110-19,0.783,0.213,28/10/24,20,1,2023,0,,
1,1,1,109-8,2.857,0.153,28/10/24,20,1,2023,0,,
2,4.5,1,109-8,0.788,0.16,28/10/24,20,1,2023,0,,
3,1,2,109-8,2.888,0.169,28/10/24,20,1,2023,0,,
4,4.5,2,109-8,0.734,0.156,28/10/24,20,1,2023,0,,
1,1,1,115-19,4.834,0.308,28/10/24,20,1,2023,0,,
2,4.5,1,115-19,1.558,0.34,28/10/24,20,1,2023,0,,
3,1,2,115-19,5,0.285,28/10/24,20,1,2023,0,,
4,4.5,2,115-19,1.888,0.337,28/10/24,20,1,2023,0,,
1,1,1,116-19,1.307,0.25,28/10/24,20,1,2023,0,,
2,4.5,1,116-19,0.648,0.296,28/10/24,20,1,2023,0,,
3,1,2,116-19,1.431,0.265,28/10/24,20,1,2023,0,,
4,4.5,2,116-19,0.267,0.269,28/10/24,20,1,2023,0,,
1,1,1,111-19,2.105,0.247,28/10/24,20,1,2023,0,,
2,4.5,1,111-19,NA,NA,28/10/24,20,1,2023,0,Spilled,
3,1,2,111-19,NA,NA,28/10/24,20,1,2023,0,Spilled,
4,4.5,2,111-19,0.702,0.223,28/10/24,20,1,2023,0,,
1,1,1,115-8,2.579,0.188,28/10/24,20,1,2023,0,,
2,4.5,1,115-8,0.845,0.227,28/10/24,20,1,2023,0,,
3,1,2,115-8,2.512,0.182,28/10/24,20,1,2023,0,,
4,4.5,2,115-8,0.872,0.215,28/10/24,20,1,2023,0,,
1,1,1,110-8,2.503,0.157,28/10/24,20,1,2023,0,,
2,4.5,1,110-8,0.853,0.181,28/10/24,20,1,2023,0,,
3,1,2,110-8,2.376,0.157,28/10/24,20,1,2023,0,,
4,4.5,2,110-8,0.824,0.182,28/10/24,20,1,2023,0,,
1,1,1,106-19,1.587,0.198,29/10/24,20,1,2023,0,,
2,4.5,1,106-19,0.558,0.198,29/10/24,20,1,2023,0,,
3,1,2,106-19,1.431,0.199,29/10/24,20,1,2023,0,,
4,4.5,2,106-19,0.529,0.193,29/10/24,20,1,2023,0,,
1,1,1,112-6,3.656,0.204,29/10/24,20,1,2023,0,,
2,4.5,1,112-6,1.053,0.196,29/10/24,20,1,2023,0,,
3,1,2,112-6,3.633,0.213,29/10/24,20,1,2023,0,,
4,4.5,2,112-6,1.107,0.199,29/10/24,20,1,2023,0,,
1,1,1,119-6,3.267,0.22,29/10/24,20,1,2023,0,,
2,4.5,1,119-6,1.011,0.184,29/10/24,20,1,2023,0,,
3,1,2,119-6,3.612,0.217,29/10/24,20,1,2023,0,,
4,4.5,2,119-6,0.991,0.203,29/10/24,20,1,2023,0,,
1,1,1,118-6,2.24,0.216,29/10/24,20,1,2023,0,,
2,4.5,1,118-6,0.585,0.09,29/10/24,20,1,2023,0,,
3,1,2,118-6,2.078,0.111,29/10/24,20,1,2023,0,,
4,4.5,2,118-6,0.543,0.163,29/10/24,20,1,2023,0,,
1,1,1,113-6,1.847,0.125,29/10/24,20,1,2023,0,,
2,4.5,1,113-6,0.526,0.252,29/10/24,20,1,2023,0,,
3,1,2,113-6,1.597,0.226,29/10/24,20,1,2023,0,,
4,4.5,2,113-6,1.833,0.244,29/10/24,20,1,2023,0,,
1,1,1,109-6,1.346,0.182,29/10/24,20,1,2023,0,,
2,4.5,1,109-6,2.095,0.443,29/10/24,20,1,2023,0,,
3,1,2,109-6,1.891,0.071,29/10/24,20,1,2023,0,,
4,4.5,2,109-6,1.896,0.082,29/10/24,20,1,2023,0,,
1,1,1,111-6,2.55,0.112,29/10/24,20,1,2023,0,,
2,4.5,1,111-6,0.64,0.123,29/10/24,20,1,2023,0,,
3,1,2,111-6,NA,NA,29/10/24,20,1,2023,0,,
4,4.5,2,111-6,NA,NA,29/10/24,20,1,2023,0,,
1,1,1,108-6,0.735,0.34,29/10/24,20,1,2023,0,,
2,4.5,1,108-6,0.598,0.377,29/10/24,20,1,2023,0,,
3,1,2,108-6,0.7,0.34,29/10/24,20,1,2023,0,,
4,4.5,2,108-6,0.551,0.35,29/10/24,20,1,2023,0,,
1,1,1,117-9,2.287,0.287,28/10/24,20,1,2023,0,,
2,4.5,1,117-9,0.859,0.285,28/10/24,20,1,2023,0,,
3,1,2,117-9,2.143,0.272,28/10/24,20,1,2023,0,,
4,4.5,2,117-9,0.874,0.284,28/10/24,20,1,2023,0,,
1,1,1,110-19,2.88,0.224,28/10/24,20,1,2023,0,,
2,4.5,1,110-19,0.737,0.206,28/10/24,20,1,2023,0,,
3,1,2,110-19,2.329,0.193,28/10/24,20,1,2023,0,,
4,4.5,2,110-19,0.783,0.213,28/10/24,20,1,2023,0,,
1,1,1,109-8,2.857,0.153,28/10/24,20,1,2023,0,,
2,4.5,1,109-8,0.788,0.16,28/10/24,20,1,2023,0,,
3,1,2,109-8,2.888,0.169,28/10/24,20,1,2023,0,,
4,4.5,2,109-8,0.734,0.156,28/10/24,20,1,2023,0,,
1,1,1,115-19,4.834,0.308,28/10/24,20,1,2023,0,,
2,4.5,1,115-19,1.558,0.34,28/10/24,20,1,2023,0,,
3,1,2,115-19,5,0.285,28/10/24,20,1,2023,0,,
4,4.5,2,115-19,1.888,0.337,28/10/24,20,1,2023,0,,
1,1,1,116-19,1.307,0.25,28/10/24,20,1,2023,0,,
2,4.5,1,116-19,0.648,0.296,28/10/24,20,1,2023,0,,
3,1,2,116-19,1.431,0.265,28/10/24,20,1,2023,0,,
4,4.5,2,116-19,0.267,0.269,28/10/24,20,1,2023,0,,
1,1,1,111-19,2.105,0.247,28/10/24,20,1,2023,0,,
2,4.5,1,111-19,NA,NA,28/10/24,20,1,2023,0,,
3,1,2,111-19,NA,NA,28/10/24,20,1,2023,0,,
4,4.5,2,111-19,0.702,0.223,28/10/24,20,1,2023,0,,
1,1,1,115-8,2.579,0.188,28/10/24,20,1,2023,0,,
2,4.5,1,115-8,0.845,0.227,28/10/24,20,1,2023,0,,
3,1,2,115-8,2.512,0.182,28/10/24,20,1,2023,0,,
4,4.5,2,115-8,0.872,0.215,28/10/24,20,1,2023,0,,
1,1,1,110-8,2.503,0.157,28/10/24,20,1,2023,0,,
2,4.5,1,110-8,0.853,0.181,28/10/24,20,1,2023,0,,
3,1,2,110-8,2.376,0.157,28/10/24,20,1,2023,0,,
4,4.5,2,110-8,0.824,0.182,28/10/24,20,1,2023,0,,
1,1,1,116-1,5,0.205,28/10/24,20,1,2023,0,,
2,4.5,1,116-1,1.56,0.219,28/10/24,20,1,2023,0,,
3,1,2,116-1,5,0.175,28/10/24,20,1,2023,0,,
4,4.5,2,116-1,1.331,0.185,28/10/24,20,1,2023,0,,
1,1,1,13-25,0.465,0.212,28/10/24,20,1,2023,0,,
2,4.5,1,13-25,0.382,0.225,28/10/24,20,1,2023,0,,
3,1,2,13-25,0.466,0.228,28/10/24,20,1,2023,0,,
4,4.5,2,13-25,0.385,0.235,28/10/24,20,1,2023,0,,
1,1,1,3-25,0.231,0.138,28/10/24,20,1,2023,0,,
2,4.5,1,3-25,0.258,0.171,28/10/24,20,1,2023,0,,
3,1,2,3-25,0.243,0.147,28/10/24,20,1,2023,0,,
4,4.5,2,3-25,0.245,0.162,28/10/24,20,1,2023,0,,
1,1,1,14-26,0.427,0.301,28/10/24,20,1,2023,0,Only enough berries for 1 rep,
2,4.5,1,14-26,0.41,0.324,28/10/24,20,1,2023,0,,
3,1,2,15-25,2.494,0.316,28/10/24,20,1,2023,0,,
4,4.5,2,15-25,0.866,0.325,28/10/24,20,1,2023,0,,
1,1,1,15-25,2.264,0.253,28/10/24,20,1,2023,0,,
2,4.5,1,15-25,0.782,0.29,28/10/24,20,1,2023,0,,
3,1,2,16-26,0.337,0.181,28/10/24,20,1,2023,0,Only enough berries for 1 rep,
4,4.5,2,16-26,0.303,0.185,28/10/24,20,1,2023,0,,
1,1,1,113-14,4.419,0.166,28/10/24,20,1,2023,0,,
2,4.5,1,113-14,0.827,0.151,28/10/24,20,1,2023,0,,
3,1,2,113-14,3.801,0.162,28/10/24,20,1,2023,0,,
4,4.5,2,113-14,1.199,0.187,28/10/24,20,1,2023,0,,
1,1,1,112-19,1.586,0.154,28/10/24,20,1,2023,0,,
2,4.5,1,112-19,0.504,0.157,28/10/24,20,1,2023,0,,
3,1,2,112-19,1.608,0.152,28/10/24,20,1,2023,0,,
4,4.5,2,112-19,0.509,0.287,28/10/24,20,1,2023,0,,
1,1,1,112-8,2.922,0.339,28/10/24,20,1,2023,0,,
2,4.5,1,112-8,1.196,0.381,28/10/24,20,1,2023,0,,
3,1,2,112-8,3.223,0.383,28/10/24,20,1,2023,0,,
4,4.5,2,112-8,1.311,0.425,28/10/24,20,1,2023,0,,
1,1,1,119-19,2.845,0.209,28/10/24,20,1,2023,0,,
2,4.5,1,119-19,1.051,0.313,28/10/24,20,1,2023,0,,
3,1,2,119-19,-,-,28/10/24,20,1,2023,0,,
4,4.5,2,119-19,-,-,28/10/24,20,1,2023,0,,
1,1,1,108-19,2.133,0.166,28/10/24,20,1,2023,0,,
2,4.5,1,108-19,0.661,0.178,28/10/24,20,1,2023,0,,
3,1,2,108-19,1.772,0.151,28/10/24,20,1,2023,0,,
4,4.5,2,108-19,0.711,0.215,28/10/24,20,1,2023,0,,
1,1,1,116-6,1.964,0.138,28/10/24,20,1,2023,0,,
2,4.5,1,116-6,0.647,0.154,28/10/24,20,1,2023,0,,
3,1,2,116-6,1.884,0.116,28/10/24,20,1,2023,0,,
4,4.5,2,116-6,0.546,0.121,28/10/24,20,1,2023,0,,
1,1,1,114-6,3.918,0.217,28/10/24,20,1,2023,0,,
2,4.5,1,114-6,0.849,0.193,28/10/24,20,1,2023,0,,
3,1,2,114-6,3.632,0.188,28/10/24,20,1,2023,0,,
4,4.5,2,114-6,1.04,0.185,28/10/24,20,1,2023,0,,
1,1,1,107-6,3.434,0.199,28/10/24,20,1,2023,0,,
2,4.5,1,107-6,1.008,0.195,28/10/24,20,1,2023,0,,
3,1,2,107-6,3.837,0.202,28/10/24,20,1,2023,0,,
4,4.5,2,107-6,1.05,0.191,28/10/24,20,1,2023,0,,
1,1,1,114-19,2.52,0.282,29/10/24,20,1,2023,0,,
2,4.5,1,114-19,0.961,0.299,29/10/24,20,1,2023,0,,
3,1,2,114-19,3.323,0.26,29/10/24,20,1,2023,0,,
4,4.5,2,114-19,1.001,0.318,29/10/24,20,1,2023,0,,
1,1,1,106-6,1.362,0.2025,29/10/24,20,1,2023,0,,
2,4.5,1,106-6,0.537,0.211,29/10/24,20,1,2023,0,,
3,1,2,106-6,1.218,0.228,29/10/24,20,1,2023,0,,
4,4.5,2,106-6,0.544,0.243,29/10/24,20,1,2023,0,,
1,1,1,110-6,2.004,0.271,29/10/24,20,1,2023,0,,
2,4.5,1,110-6,0.751,0.3,29/10/24,20,1,2023,0,,
3,1,2,110-6,1.962,0.235,29/10/24,20,1,2023,0,,
4,4.5,2,110-6,0.777,0.292,29/10/24,20,1,2023,0,,
1,1,1,115-6,2.902,0.101,29/10/24,20,1,2023,0,,
2,4.5,1,115-6,0.688,0.105,29/10/24,20,1,2023,0,,
3,1,2,115-6,-,-,29/10/24,20,1,2023,0,No juice produced for rep 2,
4,4.5,2,115-6,-,-,29/10/24,20,1,2023,0,No juice produced for rep 2,
1,1,1,7-28,0.921,0.126,29/10/24,20,1,2023,0,,
2,4.5,1,7-28,0.354,0.127,29/10/24,20,1,2023,0,,
3,1,2,7-28,0.839,0.114,29/10/24,20,1,2023,0,,
4,4.5,2,7-28,0.317,0.114,29/10/24,20,1,2023,0,,
1,1,1,117-6,-,-,29/10/24,20,1,2023,0,,
2,4.5,1,117-6,-,-,29/10/24,20,1,2023,0,,
3,1,2,117-6,-,-,29/10/24,20,1,2023,0,,
4,4.5,2,117-6,-,-,29/10/24,20,1,2023,0,,
1,1,1,11-27,-,-,29/10/24,20,1,2023,0,Not enough berries for 2 reps,
2,4.5,1,11-27,-,-,29/10/24,20,1,2023,0,Not enough berries for 2 reps,
3,1,2,11-27,0.221,0.137,29/10/24,20,1,2023,0,,
4,4.5,2,11-27,0.27,0.165,29/10/24,20,1,2023,0,,
1,1,1,1-28,1.823,0.118,29/10/24,20,1,2023,0,,
2,4.5,1,1-28,0.554,0.132,29/10/24,20,1,2023,0,,
3,1,2,1-28,2.203,0.135,29/10/24,20,1,2023,0,,
4,4.5,2,1-28,0.677,0.148,29/10/24,20,1,2023,0,,
1,1,1,2-28,0.474,0.12,29/10/24,20,1,2023,0,,
2,4.5,1,2-28,0.25,0.122,29/10/24,20,1,2023,0,,
3,1,2,2-28,0.438,0.1,29/10/24,20,1,2023,0,,
4,4.5,2,2-28,0.233,0.11,29/10/24,20,1,2023,0,,
1,1,1,3-27,0.493,0.156,29/10/24,20,1,2023,0,,
2,4.5,1,3-27,0.303,0.197,29/10/24,20,1,2023,0,,
3,1,2,3-27,0.419,0.102,29/10/24,20,1,2023,0,,
4,4.5,2,3-27,0.208,0.095,29/10/24,20,1,2023,0,,
1,1,1,5-28,0.627,0.196,29/10/24,20,1,2023,0,,
2,4.5,1,5-28,0.355,0.189,29/10/24,20,1,2023,0,,
3,1,2,5-28,0.519,0.166,29/10/24,20,1,2023,0,,
4,4.5,2,5-28,0.292,0.162,29/10/24,20,1,2023,0,,
1,1,1,5-27,0.735,0.193,30/10/24,20,1,2023,0,,
2,4.5,1,5-27,0.444,0.225,30/10/24,20,1,2023,0,,
3,1,2,5-27,0.71,0.189,30/10/24,20,1,2023,0,,
4,4.5,2,5-27,0.41,0.21,30/10/24,20,1,2023,0,,
1,1,1,20-28,5,0.261,30/10/24,20,1,2023,0,,
2,4.5,1,20-28,1.417,0.291,30/10/24,20,1,2023,0,,
3,1,2,20-28,5,0.243,30/10/24,20,1,2023,0,,
4,4.5,2,20-28,1.625,0.297,30/10/24,20,1,2023,0,,
1,1,1,112-6,0.518,0.263,30/10/24,20,1,2023,0,,
2,4.5,1,112-6,0.488,0.313,30/10/24,20,1,2023,0,,
3,1,2,112-6,0.495,0.236,30/10/24,20,1,2023,0,,
4,4.5,2,112-6,0.439,0.269,30/10/24,20,1,2023,0,,
1,1,1,11-28,0.332,0.203,30/10/24,20,1,2023,0,,
2,4.5,1,11-28,0.334,0.217,30/10/24,20,1,2023,0,,
3,1,2,11-28,0.333,0.205,30/10/24,20,1,2023,0,,
4,4.5,2,11-28,0.342,0.22,30/10/24,20,1,2023,0,,
1,1,1,6-27,1.399,0.137,30/10/24,20,1,2023,0,,
2,4.5,1,6-27,1.438,0.143,30/10/24,20,1,2023,0,,
3,1,2,6-27,1.33,0.119,30/10/24,20,1,2023,0,,
4,4.5,2,6-27,0.422,0.133,30/10/24,20,1,2023,0,,
1,1,1,6-28,0.347,0.196,30/10/24,20,1,2023,0,,
2,4.5,1,6-28,0.351,0.236,30/10/24,20,1,2023,0,,
3,1,2,6-28,0.361,0.193,30/10/24,20,1,2023,0,,
4,4.5,2,6-28,0.338,0.217,30/10/24,20,1,2023,0,,
1,1,1,12-20,2.176,0.286,30/10/24,20,1,2023,0,,
2,4.5,1,12-20,0.934,0.367,30/10/24,20,1,2023,0,,
3,1,2,12-20,2.344,0.333,30/10/24,20,1,2023,0,,
4,4.5,2,12-20,0.95,0.381,30/10/24,20,1,2023,0,,
1,1,1,3-28,0.191,0.11,30/10/24,20,1,2023,0,,
2,4.5,1,3-28,0.195,0.121,30/10/24,20,1,2023,0,,
3,1,2,3-28,0.195,0.109,30/10/24,20,1,2023,0,,
4,4.5,2,3-28,0.185,0.115,30/10/24,20,1,2023,0,,
1,1,1,1-20,0.382,0.141,30/10/24,20,1,2023,0,,
2,4.5,1,1-20,0.307,0.169,30/10/24,20,1,2023,0,,
3,1,2,1-20,0.371,0.126,30/10/24,20,1,2023,0,,
4,4.5,2,1-20,0.243,0.134,30/10/24,20,1,2023,0,,
1,1,1,20-27,1.213,0.171,30/10/24,20,1,2023,0,,
2,4.5,1,20-27,0.447,0.177,30/10/24,20,1,2023,0,,
3,1,2,20-27,1.159,0.179,30/10/24,20,1,2023,0,,
4,4.5,2,20-27,0.45,0.179,30/10/24,20,1,2023,0,,
1,1,1,16-27,2.179,0.139,30/10/24,20,1,2023,0,,
2,4.5,1,16-27,0.512,0.128,30/10/24,20,1,2023,0,,
3,1,2,16-27,1.76,0.113,30/10/24,20,1,2023,0,,
4,4.5,2,16-27,0.523,0.129,30/10/24,20,1,2023,0,,
1,1,1,19-27,1.476,0.129,30/10/24,20,1,2023,0,,
2,4.5,1,19-27,0.452,0.144,30/10/24,20,1,2023,0,,
3,1,2,19-27,1.741,0.145,30/10/24,20,1,2023,0,,
4,4.5,2,19-27,0.759,0.192,30/10/24,20,1,2023,0,,
1,1,1,9-27,0.935,0.117,30/10/24,20,1,2023,0,,
2,4.5,1,9-27,0.339,0.122,30/10/24,20,1,2023,0,,
3,1,2,9-27,0.886,0.117,30/10/24,20,1,2023,0,,
4,4.5,2,9-27,0.327,0.115,30/10/24,20,1,2023,0,,
1,1,1,13-20,0.74,0.189,30/10/24,20,1,2023,0,,
2,4.5,1,13-20,0.382,0.195,30/10/24,20,1,2023,0,,
3,1,2,13-20,0.738,0.18,30/10/24,20,1,2023,0,,
4,4.5,2,13-20,0.333,0.172,30/10/24,20,1,2023,0,,
1,1,1,5-27,0.338,0.136,30/10/24,20,1,2023,0,,
2,4.5,1,5-27,0.247,0.137,30/10/24,20,1,2023,0,,
3,1,2,5-27,0.31,0.116,30/10/24,20,1,2023,0,,
4,4.5,2,5-27,0.224,0.12,30/10/24,20,1,2023,0,,
1,1,1,15-27,0.174,0.097,30/10/24,20,1,2023,0,,
2,4.5,1,15-27,0.18,0.105,30/10/24,20,1,2023,0,,
3,1,2,15-27,0.216,0.129,30/10/24,20,1,2023,0,,
4,4.5,2,15-27,0.206,0.126,30/10/24,20,1,2023,0,,
1,1,1,4-20,0.437,0.211,30/10/24,20,1,2023,0,,
2,4.5,1,4-20,0.357,0.217,30/10/24,20,1,2023,0,,
3,1,2,4-20,0.396,0.183,30/10/24,20,1,2023,0,,
4,4.5,2,4-20,0.323,0.194,30/10/24,20,1,2023,0,,
1,1,1,17-27,0.339,0.184,30/10/24,20,1,2023,0,,
2,4.5,1,17-27,0.311,0.194,30/10/24,20,1,2023,0,,
3,1,2,17-27,0.32,0.176,30/10/24,20,1,2023,0,,
4,4.5,2,17-27,0.306,0.184,30/10/24,20,1,2023,0,,
1,1,1,6-20,1.105,0.185,30/10/24,20,1,2023,0,,
2,4.5,1,6-20,0.407,0.16,30/10/24,20,1,2023,0,,
3,1,2,6-20,0.102,0.181,30/10/24,20,1,2023,0,,
4,4.5,2,6-20,398,0.16,30/10/24,20,1,2023,0,,
1,1,1,8-20,1.305,0.115,30/10/24,20,1,2023,0,,
2,4.5,1,8-20,0.337,0.107,30/10/24,20,1,2023,0,,
3,1,2,8-20,1.288,0.098,30/10/24,20,1,2023,0,,
4,4.5,2,8-20,0.404,0.115,30/10/24,20,1,2023,0,,
1,1,1,3-27,0.498,0.095,31/10/24,20,1,2023,0,,
2,4.5,1,3-27,0.217,0.091,31/10/24,20,1,2023,0,,
3,1,2,3-27,0.497,0.108,31/10/24,20,1,2023,0,,
4,4.5,2,3-27,0.248,0.111,31/10/24,20,1,2023,0,,
1,1,1,2-26,0.509,0.102,31/10/24,20,1,2023,0,,
2,4.5,1,2-26,0.245,0.108,31/10/24,20,1,2023,0,,
3,1,2,2-26,0.468,0.117,31/10/24,20,1,2023,0,,
4,4.5,2,2-26,0.248,0.118,31/10/24,20,1,2023,0,,
1,1,1,5-28,0.62,0.162,31/10/24,20,1,2023,0,,
2,4.5,1,5-28,0.308,0.146,31/10/24,20,1,2023,0,,
3,1,2,5-28,0.668,0.14,31/10/24,20,1,2023,0,,
4,4.5,2,5-28,0.322,0.144,31/10/24,20,1,2023,0,,